Location_Code,Classification,Filled,Unfilled,Total_Jobs,Filled_Percentage,Unfilled_Percentage
K001,PARAPROFESSIONAL,25,21,46,54.35,45.65
K001,SPANISH SPEAKING PARA,1,6,7,14.29,85.71
K002,PARAPROFESSIONAL,20,0,20,100,0
K003,PARAPROFESSIONAL,24,3,27,88.89,11.11
K004,PARAPROFESSIONAL,1042,96,1138,91.56,8.44
K004,SPANISH SPEAKING PARA,23,10,33,69.7,30.3
K005,PARAPROFESSIONAL,57,5,62,91.94,8.06
K005,MALE PARA,25,6,31,80.65,19.35
K006,PARAPROFESSIONAL,99,12,111,89.19,10.81
K007,PARAPROFESSIONAL,207,4,211,98.1,1.9
K008,PARAPROFESSIONAL,21,1,22,95.45,4.55
K009,PARAPROFESSIONAL,211,1,212,99.53,0.47
K010,PARAPROFESSIONAL,93,0,93,100,0
K011,PARAPROFESSIONAL,378,0,378,100,0
K012,PARAPROFESSIONAL,273,2,275,99.27,0.73
K013,PARAPROFESSIONAL,208,63,271,76.75,23.25
K014,PARAPROFESSIONAL,83,15,98,84.69,15.31
K015,MALE PARA,221,55,276,80.07,19.93
K015,FEMALE PARA,232,27,259,89.58,10.42
K015,PARAPROFESSIONAL,96,15,111,86.49,13.51
K015,SPANISH SPEAKING PARA,51,26,77,66.23,33.77
K016,PARAPROFESSIONAL,55,11,66,83.33,16.67
K017,PARAPROFESSIONAL,91,4,95,95.79,4.21
K018,PARAPROFESSIONAL,27,4,31,87.1,12.9
K020,FEMALE PARA,127,0,127,100,0
K020,PARAPROFESSIONAL,1,1,2,50,50
K021,PARAPROFESSIONAL,84,0,84,100,0
K023,FEMALE PARA,80,3,83,96.39,3.61
K023,PARAPROFESSIONAL,4,6,10,40,60
K024,PARAPROFESSIONAL,180,12,192,93.75,6.25
K025,SPANISH SPEAKING PARA,1,19,20,5,95
K026,PARAPROFESSIONAL,36,4,40,90,10
K029,PARAPROFESSIONAL,149,4,153,97.39,2.61
K030,PARAPROFESSIONAL,157,6,163,96.32,3.68
K031,PARAPROFESSIONAL,131,0,131,100,0
K031,FEMALE PARA,7,25,32,21.88,78.12
K032,PARAPROFESSIONAL,195,3,198,98.48,1.52
K034,PARAPROFESSIONAL,141,7,148,95.27,4.73
K035,PARAPROFESSIONAL,25,1,26,96.15,3.85
K036,PARAPROFESSIONAL,894,151,1045,85.55,14.45
K036,SPANISH SPEAKING PARA,38,1,39,97.44,2.56
K036,SIGN LANGUAGE SPEAKING PARA,21,0,21,100,0
K038,PARAPROFESSIONAL,148,4,152,97.37,2.63
K039,PARAPROFESSIONAL,164,1,165,99.39,0.61
K040,PARAPROFESSIONAL,210,0,210,100,0
K040,ARABIC SPEAKING PARA,21,0,21,100,0
K041,PARAPROFESSIONAL,232,24,256,90.62,9.38
K044,PARAPROFESSIONAL,54,8,62,87.1,12.9
K045,PARAPROFESSIONAL,77,12,89,86.52,13.48
K046,PARAPROFESSIONAL,82,15,97,84.54,15.46
K048,PARAPROFESSIONAL,46,1,47,97.87,2.13
K050,PARAPROFESSIONAL,84,0,84,100,0
K051,PARAPROFESSIONAL,22,3,25,88,12
K052,PARAPROFESSIONAL,63,0,63,100,0
K053,PARAPROFESSIONAL,1204,210,1414,85.15,14.85
K053,MALE PARA,21,0,21,100,0
K053,MANDARIN SPEAKING PARA,21,0,21,100,0
K054,PARAPROFESSIONAL,147,0,147,100,0
K056,PARAPROFESSIONAL,33,2,35,94.29,5.71
K057,PARAPROFESSIONAL,21,0,21,100,0
K058,PARAPROFESSIONAL,59,1,60,98.33,1.67
K059,PARAPROFESSIONAL,68,3,71,95.77,4.23
K061,PARAPROFESSIONAL,170,7,177,96.05,3.95
K061,HAITIAN-CREOLE SPEAKING PARA,19,1,20,95,5
K065,PARAPROFESSIONAL,7,2,9,77.78,22.22
K066,PARAPROFESSIONAL,166,10,176,94.32,5.68
K067,MALE PARA,0,10,10,0,100
K067,PARAPROFESSIONAL,0,2,2,0,100
K068,PARAPROFESSIONAL,63,0,63,100,0
K068,SPANISH SPEAKING PARA,4,0,4,100,0
K069,PARAPROFESSIONAL,72,3,75,96,4
K069,MANDARIN SPEAKING PARA,0,15,15,0,100
K071,PARAPROFESSIONAL,58,7,65,89.23,10.77
K077,PARAPROFESSIONAL,1558,98,1656,94.08,5.92
K077,SPANISH SPEAKING PARA,35,21,56,62.5,37.5
K077,MANDARIN SPEAKING PARA,21,20,41,51.22,48.78
K077,MALE PARA,21,0,21,100,0
K077,RUSSIAN SPEAKING PARA,2,11,13,15.38,84.62
K078,PARAPROFESSIONAL,76,5,81,93.83,6.17
K081,PARAPROFESSIONAL,104,3,107,97.2,2.8
K084,PARAPROFESSIONAL,140,2,142,98.59,1.41
K084,FEMALE PARA,21,0,21,100,0
K084,MALE PARA,21,0,21,100,0
K086,PARAPROFESSIONAL,42,3,45,93.33,6.67
K088,PARAPROFESSIONAL,22,2,24,91.67,8.33
K089,PARAPROFESSIONAL,42,0,42,100,0
K089,SPANISH SPEAKING PARA,42,0,42,100,0
K090,PARAPROFESSIONAL,278,23,301,92.36,7.64
K091,PARAPROFESSIONAL,38,0,38,100,0
K092,PARAPROFESSIONAL,151,1,152,99.34,0.66
K093,PARAPROFESSIONAL,126,0,126,100,0
K093,SPANISH SPEAKING PARA,8,13,21,38.1,61.9
K094,PARAPROFESSIONAL,21,12,33,63.64,36.36
K095,PARAPROFESSIONAL,64,9,73,87.67,12.33
K096,PARAPROFESSIONAL,83,22,105,79.05,20.95
K097,FEMALE PARA,178,4,182,97.8,2.2
K097,PARAPROFESSIONAL,84,0,84,100,0
K097,FEMALE CANTONESE SPEAKING PARA,26,1,27,96.3,3.7
K097,FEMALE MANDARIN SPEAKING PARA,21,0,21,100,0
K097,FEMALE SPANISH SPEAKING PARA,20,1,21,95.24,4.76
K097,CANTONESE SPEAKING PARA,10,0,10,100,0
K097,MALE CANTONESE SPEAKING PARA,0,7,7,0,100
K097,MALE MANDARIN SPEAKING PARA,0,7,7,0,100
K098,FEMALE PARA,21,0,21,100,0
K099,PARAPROFESSIONAL,34,15,49,69.39,30.61
K100,PARAPROFESSIONAL,49,15,64,76.56,23.44
K101,PARAPROFESSIONAL,177,14,191,92.67,7.33
K102,FEMALE PARA,303,5,308,98.38,1.62
K102,PARAPROFESSIONAL,86,5,91,94.51,5.49
K102,SPANISH SPEAKING PARA,21,21,42,50,50
K102,MALE PARA,35,0,35,100,0
K104,PARAPROFESSIONAL,84,1,85,98.82,1.18
K105,PARAPROFESSIONAL,57,0,57,100,0
K106,PARAPROFESSIONAL,23,16,39,58.97,41.03
K107,PARAPROFESSIONAL,112,1,113,99.12,0.88
K108,PARAPROFESSIONAL,77,3,80,96.25,3.75
K109,PARAPROFESSIONAL,112,1,113,99.12,0.88
K109,MALE PARA,21,0,21,100,0
K110,PARAPROFESSIONAL,23,0,23,100,0
K112,PARAPROFESSIONAL,72,1,73,98.63,1.37
K112,ARABIC SPEAKING PARA,21,0,21,100,0
K112,MANDARIN SPEAKING PARA,21,0,21,100,0
K112,SPANISH SPEAKING PARA,18,2,20,90,10
K114,PARAPROFESSIONAL,296,15,311,95.18,4.82
K115,PARAPROFESSIONAL,769,0,769,100,0
K116,PARAPROFESSIONAL,21,2,23,91.3,8.7
K118,PARAPROFESSIONAL,5,2,7,71.43,28.57
K119,PARAPROFESSIONAL,68,16,84,80.95,19.05
K120,PARAPROFESSIONAL,33,0,33,100,0
K121,PARAPROFESSIONAL,38,0,38,100,0
K122,PARAPROFESSIONAL,105,0,105,100,0
K123,PARAPROFESSIONAL,128,28,156,82.05,17.95
K124,PARAPROFESSIONAL,116,18,134,86.57,13.43
K124,SPANISH SPEAKING PARA,30,0,30,100,0
K124,JAPANESE SPEAKING PARA,6,0,6,100,0
K126,PARAPROFESSIONAL,0,3,3,0,100
K127,PARAPROFESSIONAL,148,3,151,98.01,1.99
K127,ARABIC SPEAKING PARA,10,0,10,100,0
K128,PARAPROFESSIONAL,86,4,90,95.56,4.44
K130,PARAPROFESSIONAL,179,18,197,90.86,9.14
K131,PARAPROFESSIONAL,58,0,58,100,0
K132,PARAPROFESSIONAL,16,3,19,84.21,15.79
K133,PARAPROFESSIONAL,147,0,147,100,0
K134,PARAPROFESSIONAL,84,3,87,96.55,3.45
K135,PARAPROFESSIONAL,138,20,158,87.34,12.66
K136,MALE PARA,27,0,27,100,0
K136,FEMALE PARA,21,0,21,100,0
K136,SPANISH SPEAKING PARA,8,2,10,80,20
K136,PARAPROFESSIONAL,0,5,5,0,100
K136,FEMALE SPANISH SPEAKING PARA,0,2,2,0,100
K137,PARAPROFESSIONAL,21,0,21,100,0
K138,PARAPROFESSIONAL,190,5,195,97.44,2.56
K139,PARAPROFESSIONAL,188,17,205,91.71,8.29
K139,SPANISH SPEAKING PARA,56,0,56,100,0
K139,ARABIC SPEAKING PARA,21,0,21,100,0
K140,PARAPROFESSIONAL,1462,132,1594,91.72,8.28
K140,SPANISH SPEAKING PARA,19,0,19,100,0
K140,MALE PARA,0,4,4,0,100
K141,PARAPROFESSIONAL,336,93,429,78.32,21.68
K145,PARAPROFESSIONAL,168,0,168,100,0
K146,PARAPROFESSIONAL,130,0,130,100,0
K147,PARAPROFESSIONAL,47,3,50,94,6
K150,PARAPROFESSIONAL,26,9,35,74.29,25.71
K151,PARAPROFESSIONAL,14,6,20,70,30
K152,PARAPROFESSIONAL,117,21,138,84.78,15.22
K153,PARAPROFESSIONAL,31,20,51,60.78,39.22
K154,PARAPROFESSIONAL,64,0,64,100,0
K155,FEMALE PARA,84,0,84,100,0
K155,MALE PARA,21,0,21,100,0
K156,PARAPROFESSIONAL,84,4,88,95.45,4.55
K157,PARAPROFESSIONAL,25,22,47,53.19,46.81
K158,PARAPROFESSIONAL,68,13,81,83.95,16.05
K158,ARABIC SPEAKING PARA,15,0,15,100,0
K159,PARAPROFESSIONAL,84,1,85,98.82,1.18
K161,PARAPROFESSIONAL,231,3,234,98.72,1.28
K162,PARAPROFESSIONAL,1,9,10,10,90
K163,PARAPROFESSIONAL,33,2,35,94.29,5.71
K163,RUSSIAN SPEAKING PARA,4,10,14,28.57,71.43
K164,PARAPROFESSIONAL,19,12,31,61.29,38.71
K164,SPANISH SPEAKING PARA,21,0,21,100,0
K164,UZBEK SPEAKING PARA,19,1,20,95,5
K169,PARAPROFESSIONAL,105,0,105,100,0
K171,PARAPROFESSIONAL,42,0,42,100,0
K172,PARAPROFESSIONAL,84,0,84,100,0
K176,PARAPROFESSIONAL,48,22,70,68.57,31.43
K176,RUSSIAN SPEAKING PARA,21,0,21,100,0
K177,PARAPROFESSIONAL,231,26,257,89.88,10.12
K177,CANTONESE SPEAKING PARA,0,21,21,0,100
K178,PARAPROFESSIONAL,56,22,78,71.79,28.21
K179,PARAPROFESSIONAL,102,56,158,64.56,35.44
K179,PASHTO SPEAKING PARA,0,5,5,0,100
K180,PARAPROFESSIONAL,7,4,11,63.64,36.36
K181,PARAPROFESSIONAL,230,8,238,96.64,3.36
K184,PARAPROFESSIONAL,106,3,109,97.25,2.75
K185,PARAPROFESSIONAL,25,13,38,65.79,34.21
K186,PARAPROFESSIONAL,159,6,165,96.36,3.64
K187,PARAPROFESSIONAL,31,8,39,79.49,20.51
K188,PARAPROFESSIONAL,222,13,235,94.47,5.53
K189,PARAPROFESSIONAL,378,21,399,94.74,5.26
K189,HAITIAN-CREOLE SPEAKING PARA,42,0,42,100,0
K189,SPANISH SPEAKING PARA,21,0,21,100,0
K191,PARAPROFESSIONAL,78,0,78,100,0
K192,PARAPROFESSIONAL,65,5,70,92.86,7.14
K192,UZBEK SPEAKING PARA,0,2,2,0,100
K193,PARAPROFESSIONAL,166,14,180,92.22,7.78
K194,PARAPROFESSIONAL,193,2,195,98.97,1.03
K195,PARAPROFESSIONAL,135,8,143,94.41,5.59
K195,RUSSIAN SPEAKING PARA,22,1,23,95.65,4.35
K195,UKRAINIAN SPEAKING PARA,0,2,2,0,100
K196,PARAPROFESSIONAL,57,0,57,100,0
K197,PARAPROFESSIONAL,247,63,310,79.68,20.32
K198,PARAPROFESSIONAL,84,4,88,95.45,4.55
K199,PARAPROFESSIONAL,315,3,318,99.06,0.94
K199,UZBEK SPEAKING PARA,0,21,21,0,100
K200,PARAPROFESSIONAL,58,22,80,72.5,27.5
K201,PARAPROFESSIONAL,124,0,124,100,0
K202,PARAPROFESSIONAL,167,34,201,83.08,16.92
K203,PARAPROFESSIONAL,98,14,112,87.5,12.5
K204,FEMALE PARA,202,3,205,98.54,1.46
K204,PARAPROFESSIONAL,22,15,37,59.46,40.54
K204,MALE PARA,21,0,21,100,0
K205,PARAPROFESSIONAL,220,25,245,89.8,10.2
K206,PARAPROFESSIONAL,108,15,123,87.8,12.2
K207,PARAPROFESSIONAL,140,8,148,94.59,5.41
K209,PARAPROFESSIONAL,63,0,63,100,0
K209,FEMALE GA SPEAKING PARA,0,21,21,0,100
K209,FEMALE PARA,21,0,21,100,0
K209,FEMALE RUSSIAN SPEAKING PARA,0,21,21,0,100
K209,FEMALE UKRAINIAN SPEAKING PARA,0,21,21,0,100
K211,PARAPROFESSIONAL,46,11,57,80.7,19.3
K211,TWI SPEAKING PARA,0,2,2,0,100
K212,PARAPROFESSIONAL,318,0,318,100,0
K212,SPANISH SPEAKING PARA,0,3,3,0,100
K213,PARAPROFESSIONAL,140,20,160,87.5,12.5
K213,SPANISH SPEAKING PARA,12,12,24,50,50
K213,FEMALE ARABIC SPEAKING PARA,21,0,21,100,0
K213,ARABIC SPEAKING PARA,0,5,5,0,100
K214,PARAPROFESSIONAL,245,7,252,97.22,2.78
K215,PARAPROFESSIONAL,184,4,188,97.87,2.13
K216,PARAPROFESSIONAL,233,10,243,95.88,4.12
K217,PARAPROFESSIONAL,151,3,154,98.05,1.95
K217,ARABIC SPEAKING PARA,21,0,21,100,0
K217,SPANISH SPEAKING PARA,6,6,12,50,50
K218,PARAPROFESSIONAL,84,0,84,100,0
K218,MALE PARA,21,0,21,100,0
K219,PARAPROFESSIONAL,50,18,68,73.53,26.47
K220,PARAPROFESSIONAL,21,4,25,84,16
K221,PARAPROFESSIONAL,46,53,99,46.46,53.54
K222,FEMALE PARA,318,0,318,100,0
K222,PARAPROFESSIONAL,13,25,38,34.21,65.79
K222,FEMALE MANDARIN SPEAKING PARA,21,0,21,100,0
K222,FEMALE RUSSIAN SPEAKING PARA,21,0,21,100,0
K222,FEMALE URDU SPEAKING PARA,5,16,21,23.81,76.19
K222,MALE PARA,13,0,13,100,0
K222,MALE URDU SPEAKING PARA,0,8,8,0,100
K223,PARAPROFESSIONAL,105,0,105,100,0
K223,FEMALE SPANISH SPEAKING PARA,21,0,21,100,0
K224,PARAPROFESSIONAL,121,3,124,97.58,2.42
K225,PARAPROFESSIONAL,63,0,63,100,0
K226,PARAPROFESSIONAL,65,20,85,76.47,23.53
K228,PARAPROFESSIONAL,189,0,189,100,0
K229,PARAPROFESSIONAL,229,27,256,89.45,10.55
K229,MANDARIN SPEAKING PARA,16,3,19,84.21,15.79
K229,SPANISH SPEAKING PARA,0,1,1,0,100
K230,PARAPROFESSIONAL,81,31,112,72.32,27.68
K231,PARAPROFESSIONAL,1008,52,1060,95.09,4.91
K233,PARAPROFESSIONAL,162,1,163,99.39,0.61
K234,PARAPROFESSIONAL,82,24,106,77.36,22.64
K234,RUSSIAN SPEAKING PARA,1,20,21,4.76,95.24
K235,PARAPROFESSIONAL,432,56,488,88.52,11.48
K236,PARAPROFESSIONAL,142,37,179,79.33,20.67
K238,PARAPROFESSIONAL,105,13,118,88.98,11.02
K240,PARAPROFESSIONAL,138,0,138,100,0
K240,SPANISH SPEAKING PARA,0,42,42,0,100
K241,PARAPROFESSIONAL,125,1,126,99.21,0.79
K243,PARAPROFESSIONAL,13,3,16,81.25,18.75
K244,PARAPROFESSIONAL,96,12,108,88.89,11.11
K245,PARAPROFESSIONAL,22,2,24,91.67,8.33
K246,PARAPROFESSIONAL,125,0,125,100,0
K247,PARAPROFESSIONAL,118,0,118,100,0
K249,PARAPROFESSIONAL,284,0,284,100,0
K250,PARAPROFESSIONAL,23,7,30,76.67,23.33
K251,PARAPROFESSIONAL,27,17,44,61.36,38.64
K253,PARAPROFESSIONAL,57,7,64,89.06,10.94
K254,PARAPROFESSIONAL,23,22,45,51.11,48.89
K255,PARAPROFESSIONAL,9,4,13,69.23,30.77
K256,PARAPROFESSIONAL,68,4,72,94.44,5.56
K257,PARAPROFESSIONAL,99,2,101,98.02,1.98
K259,PARAPROFESSIONAL,21,0,21,100,0
K261,PARAPROFESSIONAL,226,14,240,94.17,5.83
K262,PARAPROFESSIONAL,71,0,71,100,0
K264,PARAPROFESSIONAL,25,4,29,86.21,13.79
K268,PARAPROFESSIONAL,175,4,179,97.77,2.23
K270,PARAPROFESSIONAL,105,2,107,98.13,1.87
K272,PARAPROFESSIONAL,42,0,42,100,0
K273,PARAPROFESSIONAL,84,6,90,93.33,6.67
K274,PARAPROFESSIONAL,21,0,21,100,0
K276,PARAPROFESSIONAL,106,1,107,99.07,0.93
K276,ARABIC SPEAKING PARA,21,0,21,100,0
K277,PARAPROFESSIONAL,2,5,7,28.57,71.43
K278,PARAPROFESSIONAL,121,25,146,82.88,17.12
K279,PARAPROFESSIONAL,115,7,122,94.26,5.74
K281,PARAPROFESSIONAL,85,9,94,90.43,9.57
K281,UKRAINIAN SPEAKING PARA,0,21,21,0,100
K282,PARAPROFESSIONAL,266,39,305,87.21,12.79
K284,PARAPROFESSIONAL,168,0,168,100,0
K285,PARAPROFESSIONAL,207,25,232,89.22,10.78
K285,SPANISH SPEAKING PARA,0,21,21,0,100
K287,PARAPROFESSIONAL,42,0,42,100,0
K288,PARAPROFESSIONAL,144,0,144,100,0
K289,PARAPROFESSIONAL,132,3,135,97.78,2.22
K289,FEMALE PARA,21,0,21,100,0
K290,PARAPROFESSIONAL,95,17,112,84.82,15.18
K290,SPANISH SPEAKING PARA,21,0,21,100,0
K291,PARAPROFESSIONAL,116,10,126,92.06,7.94
K292,PARAPROFESSIONAL,42,21,63,66.67,33.33
K295,PARAPROFESSIONAL,77,9,86,89.53,10.47
K297,PARAPROFESSIONAL,122,0,122,100,0
K298,PARAPROFESSIONAL,443,16,459,96.51,3.49
K299,PARAPROFESSIONAL,103,2,105,98.1,1.9
K299,SPANISH SPEAKING PARA,21,2,23,91.3,8.7
K299,MALE SPANISH SPEAKING PARA,0,4,4,0,100
K301,MALE PARA,21,0,21,100,0
K301,PARAPROFESSIONAL,21,0,21,100,0
K303,PARAPROFESSIONAL,53,28,81,65.43,34.57
K306,PARAPROFESSIONAL,129,40,169,76.33,23.67
K307,PARAPROFESSIONAL,74,21,95,77.89,22.11
K308,PARAPROFESSIONAL,91,4,95,95.79,4.21
K309,PARAPROFESSIONAL,21,0,21,100,0
K310,PARAPROFESSIONAL,11,0,11,100,0
K312,PARAPROFESSIONAL,118,12,130,90.77,9.23
K312,ARABIC SPEAKING PARA,21,0,21,100,0
K312,HAITIAN-CREOLE SPEAKING PARA,19,0,19,100,0
K313,PARAPROFESSIONAL,101,35,136,74.26,25.74
K315,PARAPROFESSIONAL,270,15,285,94.74,5.26
K315,FEMALE SPANISH SPEAKING PARA,21,0,21,100,0
K316,FEMALE PARA,169,3,172,98.26,1.74
K316,MALE PARA,21,0,21,100,0
K316,PARAPROFESSIONAL,4,4,8,50,50
K318,PARAPROFESSIONAL,111,3,114,97.37,2.63
K319,PARAPROFESSIONAL,24,2,26,92.31,7.69
K321,PARAPROFESSIONAL,238,20,258,92.25,7.75
K323,PARAPROFESSIONAL,336,0,336,100,0
K325,PARAPROFESSIONAL,10,19,29,34.48,65.52
K326,PARAPROFESSIONAL,11,1,12,91.67,8.33
K326,MALE PARA,1,4,5,20,80
K327,PARAPROFESSIONAL,90,2,92,97.83,2.17
K328,PARAPROFESSIONAL,38,7,45,84.44,15.56
K328,SPANISH SPEAKING PARA,21,0,21,100,0
K329,PARAPROFESSIONAL,285,46,331,86.1,13.9
K329,SPANISH SPEAKING PARA,7,14,21,33.33,66.67
K331,PARAPROFESSIONAL,21,13,34,61.76,38.24
K331,CANTONESE SPEAKING PARA,8,6,14,57.14,42.86
K335,PARAPROFESSIONAL,53,0,53,100,0
K337,PARAPROFESSIONAL,3,0,3,100,0
K340,PARAPROFESSIONAL,145,0,145,100,0
K340,FEMALE PARA,0,2,2,0,100
K345,PARAPROFESSIONAL,112,7,119,94.12,5.88
K346,PARAPROFESSIONAL,400,105,505,79.21,20.79
K346,ARABIC SPEAKING PARA,0,17,17,0,100
K346,SPANISH SPEAKING PARA,0,17,17,0,100
K347,SPANISH SPEAKING PARA,42,0,42,100,0
K347,PARAPROFESSIONAL,0,1,1,0,100
K349,SPANISH SPEAKING PARA,38,20,58,65.52,34.48
K349,PARAPROFESSIONAL,38,7,45,84.44,15.56
K350,PARAPROFESSIONAL,21,3,24,87.5,12.5
K351,PARAPROFESSIONAL,127,2,129,98.45,1.55
K352,SPANISH SPEAKING PARA,8,55,63,12.7,87.3
K352,HAITIAN-CREOLE SPEAKING PARA,21,0,21,100,0
K353,PARAPROFESSIONAL,140,0,140,100,0
K354,PARAPROFESSIONAL,42,0,42,100,0
K361,PARAPROFESSIONAL,67,5,72,93.06,6.94
K361,ARABIC SPEAKING PARA,21,0,21,100,0
K363,PARAPROFESSIONAL,132,11,143,92.31,7.69
K366,PARAPROFESSIONAL,88,9,97,90.72,9.28
K366,MALE PARA,21,0,21,100,0
K368,PARAPROFESSIONAL,548,73,621,88.24,11.76
K368,MALE PARA,42,2,44,95.45,4.55
K368,SPANISH SPEAKING PARA,30,0,30,100,0
K368,FEMALE PARA,21,0,21,100,0
K369,PARAPROFESSIONAL,1463,97,1560,93.78,6.22
K369,MALE PARA,63,0,63,100,0
K369,SPANISH SPEAKING PARA,42,0,42,100,0
K369,POLISH SPEAKING PARA,4,17,21,19.05,80.95
K370,PARAPROFESSIONAL,557,50,607,91.76,8.24
K370,MANDARIN SPEAKING PARA,42,0,42,100,0
K370,FEMALE PARA,24,2,26,92.31,7.69
K370,MALE PARA,0,2,2,0,100
K371,PARAPROFESSIONAL,454,24,478,94.98,5.02
K372,PARAPROFESSIONAL,890,58,948,93.88,6.12
K372,KOREAN SPEAKING PARA,0,10,10,0,100
K372,MANDARIN SPEAKING PARA,9,0,9,100,0
K373,PARAPROFESSIONAL,228,35,263,86.69,13.31
K373,MALE PARA,21,0,21,100,0
K373,SPANISH SPEAKING PARA,21,0,21,100,0
K375,PARAPROFESSIONAL,162,15,177,91.53,8.47
K376,PARAPROFESSIONAL,84,1,85,98.82,1.18
K380,PARAPROFESSIONAL,201,0,201,100,0
K383,PARAPROFESSIONAL,28,14,42,66.67,33.33
K384,PARAPROFESSIONAL,142,3,145,97.93,2.07
K384,SPANISH SPEAKING PARA,21,0,21,100,0
K392,PARAPROFESSIONAL,42,0,42,100,0
K394,PARAPROFESSIONAL,21,0,21,100,0
K396,PARAPROFESSIONAL,2519,183,2702,93.23,6.77
K396,MALE PARA,21,0,21,100,0
K396,RUSSIAN SPEAKING PARA,0,21,21,0,100
K397,PARAPROFESSIONAL,21,0,21,100,0
K398,PARAPROFESSIONAL,21,4,25,84,16
K398,MALE PARA,4,13,17,23.53,76.47
K401,PARAPROFESSIONAL,44,4,48,91.67,8.33
K401,SPANISH SPEAKING PARA,21,0,21,100,0
K403,PARAPROFESSIONAL,19,0,19,100,0
K404,PARAPROFESSIONAL,85,0,85,100,0
K405,PARAPROFESSIONAL,119,15,134,88.81,11.19
K408,PARAPROFESSIONAL,43,18,61,70.49,29.51
K409,PARAPROFESSIONAL,169,8,177,95.48,4.52
K413,PARAPROFESSIONAL,13,0,13,100,0
K414,PARAPROFESSIONAL,42,1,43,97.67,2.33
K418,PARAPROFESSIONAL,3,2,5,60,40
K419,PARAPROFESSIONAL,42,5,47,89.36,10.64
K422,PARAPROFESSIONAL,135,6,141,95.74,4.26
K423,PARAPROFESSIONAL,21,0,21,100,0
K425,PARAPROFESSIONAL,98,5,103,95.15,4.85
K425,ARABIC SPEAKING PARA,9,12,21,42.86,57.14
K425,RUSSIAN SPEAKING PARA,0,21,21,0,100
K429,PARAPROFESSIONAL,42,0,42,100,0
K430,PARAPROFESSIONAL,84,0,84,100,0
K439,MALE PARA,21,0,21,100,0
K442,PARAPROFESSIONAL,42,0,42,100,0
K446,PARAPROFESSIONAL,42,1,43,97.67,2.33
K446,MALE PARA,35,0,35,100,0
K447,PARAPROFESSIONAL,21,0,21,100,0
K448,PARAPROFESSIONAL,24,6,30,80,20
K452,PARAPROFESSIONAL,249,0,249,100,0
K454,FEMALE PARA,21,0,21,100,0
K454,FEMALE SPANISH SPEAKING PARA,21,0,21,100,0
K454,MALE PARA,21,0,21,100,0
K454,MALE SPANISH SPEAKING PARA,21,0,21,100,0
K455,PARAPROFESSIONAL,32,20,52,61.54,38.46
K455,MALE PARA,0,4,4,0,100
K456,PARAPROFESSIONAL,233,0,233,100,0
K462,PARAPROFESSIONAL,4,8,12,33.33,66.67
K463,PARAPROFESSIONAL,81,1,82,98.78,1.22
K464,PARAPROFESSIONAL,42,0,42,100,0
K468,PARAPROFESSIONAL,161,28,189,85.19,14.81
K474,PARAPROFESSIONAL,19,0,19,100,0
K477,PARAPROFESSIONAL,92,0,92,100,0
K477,FEMALE SPANISH SPEAKING PARA,0,9,9,0,100
K477,MALE SPANISH SPEAKING PARA,0,1,1,0,100
K482,PARAPROFESSIONAL,59,1,60,98.33,1.67
K483,PARAPROFESSIONAL,0,3,3,0,100
K484,PARAPROFESSIONAL,30,13,43,69.77,30.23
K484,BENGALI SPEAKING PARA,21,0,21,100,0
K485,PARAPROFESSIONAL,149,6,155,96.13,3.87
K485,MALE PARA,18,0,18,100,0
K490,PARAPROFESSIONAL,90,3,93,96.77,3.23
K492,PARAPROFESSIONAL,59,0,59,100,0
K493,PARAPROFESSIONAL,126,0,126,100,0
K497,PARAPROFESSIONAL,119,0,119,100,0
K497,ARABIC SPEAKING PARA,7,0,7,100,0
K498,PARAPROFESSIONAL,176,8,184,95.65,4.35
K502,SPANISH SPEAKING PARA,0,21,21,0,100
K503,PARAPROFESSIONAL,105,0,105,100,0
K505,PARAPROFESSIONAL,44,22,66,66.67,33.33
K506,PARAPROFESSIONAL,74,11,85,87.06,12.94
K506,ARABIC SPEAKING PARA,19,2,21,90.48,9.52
K507,PARAPROFESSIONAL,105,0,105,100,0
K507,SPANISH SPEAKING PARA,42,0,42,100,0
K514,PARAPROFESSIONAL,22,17,39,56.41,43.59
K516,PARAPROFESSIONAL,113,2,115,98.26,1.74
K516,SPANISH SPEAKING PARA,22,2,24,91.67,8.33
K518,PARAPROFESSIONAL,105,0,105,100,0
K519,PARAPROFESSIONAL,12,0,12,100,0
K522,PARAPROFESSIONAL,41,1,42,97.62,2.38
K524,SPANISH SPEAKING PARA,21,20,41,51.22,48.78
K524,FEMALE FULANI SPEAKING PARA,0,21,21,0,100
K524,FULANI SPEAKING PARA,21,0,21,100,0
K524,ARABIC SPEAKING PARA,1,0,1,100,0
K525,PARAPROFESSIONAL,126,0,126,100,0
K527,PARAPROFESSIONAL,84,3,87,96.55,3.45
K528,ARABIC SPEAKING PARA,21,0,21,100,0
K528,HAITIAN-CREOLE SPEAKING PARA,21,0,21,100,0
K528,PARAPROFESSIONAL,21,0,21,100,0
K532,PARAPROFESSIONAL,381,12,393,96.95,3.05
K532,SPANISH SPEAKING PARA,21,0,21,100,0
K535,PARAPROFESSIONAL,86,0,86,100,0
K537,PARAPROFESSIONAL,109,0,109,100,0
K540,PARAPROFESSIONAL,136,12,148,91.89,8.11
K545,PARAPROFESSIONAL,56,6,62,90.32,9.68
K546,PARAPROFESSIONAL,3,0,3,100,0
K547,PARAPROFESSIONAL,21,0,21,100,0
K548,FULANI SPEAKING PARA,0,19,19,0,100
K548,PARAPROFESSIONAL,0,6,6,0,100
K549,FEMALE PARA,21,0,21,100,0
K549,FEMALE SPANISH SPEAKING PARA,21,0,21,100,0
K552,PARAPROFESSIONAL,34,27,61,55.74,44.26
K552,SPANISH SPEAKING PARA,0,2,2,0,100
K554,PARAPROFESSIONAL,8,0,8,100,0
K556,PARAPROFESSIONAL,84,0,84,100,0
K556,FEMALE PARA,16,0,16,100,0
K557,PARAPROFESSIONAL,122,3,125,97.6,2.4
K559,MALE PARA,55,0,55,100,0
K562,PARAPROFESSIONAL,21,0,21,100,0
K563,PARAPROFESSIONAL,3,1,4,75,25
K566,PARAPROFESSIONAL,106,17,123,86.18,13.82
K567,PARAPROFESSIONAL,1,0,1,100,0
K568,PARAPROFESSIONAL,27,0,27,100,0
K568,FRENCH SPEAKING PARA,0,21,21,0,100
K568,SPANISH SPEAKING PARA,21,0,21,100,0
K569,PARAPROFESSIONAL,34,0,34,100,0
K572,PARAPROFESSIONAL,63,0,63,100,0
K572,LATIN SPEAKING PARA,0,8,8,0,100
K576,PARAPROFESSIONAL,7,0,7,100,0
K577,PARAPROFESSIONAL,16,12,28,57.14,42.86
K581,PARAPROFESSIONAL,78,1,79,98.73,1.27
K581,MALE PARA,21,0,21,100,0
K582,PARAPROFESSIONAL,95,0,95,100,0
K583,PARAPROFESSIONAL,21,0,21,100,0
K586,PARAPROFESSIONAL,109,16,125,87.2,12.8
K586,SPANISH SPEAKING PARA,0,21,21,0,100
K588,PARAPROFESSIONAL,105,3,108,97.22,2.78
K590,PARAPROFESSIONAL,104,21,125,83.2,16.8
K592,PARAPROFESSIONAL,63,1,64,98.44,1.56
K594,PARAPROFESSIONAL,126,1,127,99.21,0.79
K595,PARAPROFESSIONAL,1,3,4,25,75
K599,PARAPROFESSIONAL,212,2,214,99.07,0.93
K600,PARAPROFESSIONAL,80,6,86,93.02,6.98
K600,SPANISH SPEAKING PARA,0,21,21,0,100
K605,PARAPROFESSIONAL,45,7,52,86.54,13.46
K609,PARAPROFESSIONAL,21,0,21,100,0
K610,PARAPROFESSIONAL,3,1,4,75,25
K611,PARAPROFESSIONAL,42,0,42,100,0
K614,FEMALE PARA,116,1,117,99.15,0.85
K614,MALE PARA,15,0,15,100,0
K614,PARAPROFESSIONAL,8,1,9,88.89,11.11
K617,PARAPROFESSIONAL,126,0,126,100,0
K620,PARAPROFESSIONAL,98,0,98,100,0
K627,PARAPROFESSIONAL,88,6,94,93.62,6.38
K628,PARAPROFESSIONAL,59,32,91,64.84,35.16
K629,PARAPROFESSIONAL,52,6,58,89.66,10.34
K637,SPANISH SPEAKING PARA,0,21,21,0,100
K639,SPANISH SPEAKING PARA,12,0,12,100,0
K643,ARABIC SPEAKING PARA,21,0,21,100,0
K643,PARAPROFESSIONAL,21,0,21,100,0
K644,PARAPROFESSIONAL,210,0,210,100,0
K647,PARAPROFESSIONAL,21,0,21,100,0
K653,PARAPROFESSIONAL,63,0,63,100,0
K654,PARAPROFESSIONAL,21,0,21,100,0
K660,PARAPROFESSIONAL,63,3,66,95.45,4.55
K661,PARAPROFESSIONAL,68,0,68,100,0
K663,PARAPROFESSIONAL,73,0,73,100,0
K664,PARAPROFESSIONAL,63,1,64,98.44,1.56
K667,PARAPROFESSIONAL,84,0,84,100,0
K667,MALE SPANISH SPEAKING PARA,21,0,21,100,0
K668,PARAPROFESSIONAL,126,0,126,100,0
K670,PARAPROFESSIONAL,16,0,16,100,0
K671,PARAPROFESSIONAL,65,1,66,98.48,1.52
K673,PARAPROFESSIONAL,21,0,21,100,0
K674,PARAPROFESSIONAL,37,0,37,100,0
K676,PARAPROFESSIONAL,48,21,69,69.57,30.43
K676,BENGALI SPEAKING PARA,4,5,9,44.44,55.56
K677,PARAPROFESSIONAL,119,0,119,100,0
K677,SPANISH SPEAKING PARA,21,0,21,100,0
K678,PARAPROFESSIONAL,1,3,4,25,75
K681,PARAPROFESSIONAL,43,4,47,91.49,8.51
K682,PARAPROFESSIONAL,57,6,63,90.48,9.52
K683,PARAPROFESSIONAL,42,21,63,66.67,33.33
K684,PARAPROFESSIONAL,21,0,21,100,0
K685,PARAPROFESSIONAL,20,1,21,95.24,4.76
K686,PARAPROFESSIONAL,89,7,96,92.71,7.29
K690,PARAPROFESSIONAL,22,7,29,75.86,24.14
K690,FEMALE PARA,21,0,21,100,0
K690,MANDARIN SPEAKING PARA,0,12,12,0,100
K691,PARAPROFESSIONAL,126,14,140,90,10
K697,FEMALE PARA,21,0,21,100,0
K697,MALE PARA,5,0,5,100,0
K705,PARAPROFESSIONAL,92,9,101,91.09,8.91
K721,PARAPROFESSIONAL,437,89,526,83.08,16.92
K722,PARAPROFESSIONAL,72,7,79,91.14,8.86
K722,MALE PARA,1,6,7,14.29,85.71
K728,PARAPROFESSIONAL,21,0,21,100,0
K745,PARAPROFESSIONAL,28,2,30,93.33,6.67
K748,PARAPROFESSIONAL,39,2,41,95.12,4.88
K748,SPANISH SPEAKING PARA,0,21,21,0,100
K751,FEMALE PARA,21,0,21,100,0
K753,PARAPROFESSIONAL,973,41,1014,95.96,4.04
K753,BENGALI SPEAKING PARA,20,0,20,100,0
K753,SPANISH SPEAKING PARA,6,0,6,100,0
K760,PARAPROFESSIONAL,9,13,22,40.91,59.09
K763,PARAPROFESSIONAL,43,1,44,97.73,2.27
K765,PARAPROFESSIONAL,77,1,78,98.72,1.28
K770,PARAPROFESSIONAL,209,8,217,96.31,3.69
K771,PARAPROFESSIONAL,1529,140,1669,91.61,8.39
K771,CANTONESE SPEAKING PARA,0,21,21,0,100
K771,MANDARIN SPEAKING PARA,0,21,21,0,100
K771,SPANISH SPEAKING PARA,0,21,21,0,100
K771,TAJIK SPEAKING PARA,0,21,21,0,100
K771,UZBEK SPEAKING PARA,0,21,21,0,100
K771,RUSSIAN SPEAKING PARA,20,0,20,100,0
K771,HAITIAN-CREOLE SPEAKING PARA,1,15,16,6.25,93.75
K771,GEORGIAN SPEAKING PARA,0,3,3,0,100
K811,PARAPROFESSIONAL,329,112,441,74.6,25.4
K811,CANTONESE SPEAKING PARA,21,0,21,100,0
K821,SPANISH SPEAKING PARA,11,9,20,55,45
K839,PARAPROFESSIONAL,21,1,22,95.45,4.55
K889,PARAPROFESSIONAL,57,9,66,86.36,13.64
K890,PARAPROFESSIONAL,67,2,69,97.1,2.9
K896,PARAPROFESSIONAL,155,6,161,96.27,3.73
K898,PARAPROFESSIONAL,40,19,59,67.8,32.2
K907,PARAPROFESSIONAL,64,11,75,85.33,14.67
K915,PARAPROFESSIONAL,63,0,63,100,0
K935,PARAPROFESSIONAL,46,19,65,70.77,29.23
K936,PARAPROFESSIONAL,63,0,63,100,0
K936,SPANISH SPEAKING PARA,21,0,21,100,0
K938,PARAPROFESSIONAL,33,4,37,89.19,10.81
K939,PARAPROFESSIONAL,102,6,108,94.44,5.56
K939,SPANISH SPEAKING PARA,21,0,21,100,0
K939,MANDARIN SPEAKING PARA,0,4,4,0,100
K953,PARAPROFESSIONAL,21,0,21,100,0
K958,PARAPROFESSIONAL,161,11,172,93.6,6.4
K961,PARAPROFESSIONAL,45,0,45,100,0
K963,PARAPROFESSIONAL,18,0,18,100,0
K965,PARAPROFESSIONAL,17,4,21,80.95,19.05
K971,PARAPROFESSIONAL,64,5,69,92.75,7.25
K984,PARAPROFESSIONAL,21,0,21,100,0
KP13,PARAPROFESSIONAL,40,3,43,93.02,6.98
KP15,PARAPROFESSIONAL,222,18,240,92.5,7.5
KP20,PARAPROFESSIONAL,965,78,1043,92.52,7.48
KP21,PARAPROFESSIONAL,378,13,391,96.68,3.32
KP22,PARAPROFESSIONAL,392,44,436,89.91,10.09
KP51,PARAPROFESSIONAL,1,27,28,3.57,96.43
M001,PARAPROFESSIONAL,58,9,67,86.57,13.43
M002,PARAPROFESSIONAL,56,9,65,86.15,13.85
M002,SPANISH SPEAKING PARA,0,14,14,0,100
M003,PARAPROFESSIONAL,205,33,238,86.13,13.87
M004,PARAPROFESSIONAL,133,12,145,91.72,8.28
M005,PARAPROFESSIONAL,345,13,358,96.37,3.63
M006,PARAPROFESSIONAL,165,27,192,85.94,14.06
M007,PARAPROFESSIONAL,417,42,459,90.85,9.15
M008,PARAPROFESSIONAL,100,10,110,90.91,9.09
M008,FEMALE SPANISH SPEAKING PARA,21,0,21,100,0
M009,PARAPROFESSIONAL,146,10,156,93.59,6.41
M011,PARAPROFESSIONAL,42,0,42,100,0
M011,SPANISH SPEAKING PARA,20,0,20,100,0
M012,PARAPROFESSIONAL,5,10,15,33.33,66.67
M015,PARAPROFESSIONAL,100,9,109,91.74,8.26
M018,PARAPROFESSIONAL,113,5,118,95.76,4.24
M020,PARAPROFESSIONAL,57,7,64,89.06,10.94
M028,PARAPROFESSIONAL,168,0,168,100,0
M030,PARAPROFESSIONAL,120,6,126,95.24,4.76
M033,PARAPROFESSIONAL,161,13,174,92.53,7.47
M034,PARAPROFESSIONAL,21,4,25,84,16
M035,PARAPROFESSIONAL,135,53,188,71.81,28.19
M036,PARAPROFESSIONAL,133,10,143,93.01,6.99
M038,PARAPROFESSIONAL,63,0,63,100,0
M040,PARAPROFESSIONAL,140,3,143,97.9,2.1
M040,SPANISH SPEAKING PARA,0,2,2,0,100
M041,PARAPROFESSIONAL,140,16,156,89.74,10.26
M042,PARAPROFESSIONAL,89,26,115,77.39,22.61
M042,RUSSIAN SPEAKING PARA,0,11,11,0,100
M046,PARAPROFESSIONAL,206,3,209,98.56,1.44
M046,SPANISH SPEAKING PARA,37,10,47,78.72,21.28
M047,UKRAINIAN SPEAKING PARA,0,42,42,0,100
M047,PARAPROFESSIONAL,0,1,1,0,100
M048,PARAPROFESSIONAL,243,2,245,99.18,0.82
M051,PARAPROFESSIONAL,135,17,152,88.82,11.18
M052,PARAPROFESSIONAL,23,0,23,100,0
M054,PARAPROFESSIONAL,17,2,19,89.47,10.53
M057,PARAPROFESSIONAL,185,5,190,97.37,2.63
M059,PARAPROFESSIONAL,0,2,2,0,100
M063,PARAPROFESSIONAL,127,31,158,80.38,19.62
M072,PARAPROFESSIONAL,203,27,230,88.26,11.74
M072,SPANISH SPEAKING PARA,64,1,65,98.46,1.54
M072,FRENCH SPEAKING PARA,0,4,4,0,100
M075,FEMALE PARA,195,5,200,97.5,2.5
M075,PARAPROFESSIONAL,9,9,18,50,50
M075,SPANISH SPEAKING PARA,12,0,12,100,0
M076,PARAPROFESSIONAL,148,3,151,98.01,1.99
M077,PARAPROFESSIONAL,79,6,85,92.94,7.06
M079,PARAPROFESSIONAL,453,43,496,91.33,8.67
M083,FEMALE PARA,35,6,41,85.37,14.63
M083,PARAPROFESSIONAL,20,1,21,95.24,4.76
M084,PARAPROFESSIONAL,174,12,186,93.55,6.45
M087,PARAPROFESSIONAL,43,3,46,93.48,6.52
M089,PARAPROFESSIONAL,40,10,50,80,20
M092,PARAPROFESSIONAL,182,32,214,85.05,14.95
M094,PARAPROFESSIONAL,1587,225,1812,87.58,12.42
M094,KOREAN SPEAKING PARA,0,21,21,0,100
M096,PARAPROFESSIONAL,74,5,79,93.67,6.33
M096,MALE PARA,21,0,21,100,0
M098,PARAPROFESSIONAL,57,17,74,77.03,22.97
M102,PARAPROFESSIONAL,83,58,141,58.87,41.13
M103,FEMALE PARA,80,5,85,94.12,5.88
M103,MALE PARA,21,0,21,100,0
M104,PARAPROFESSIONAL,165,8,173,95.38,4.62
M108,PARAPROFESSIONAL,63,1,64,98.44,1.56
M111,PARAPROFESSIONAL,260,7,267,97.38,2.62
M111,SPANISH SPEAKING PARA,21,0,21,100,0
M111,MALE PARA,1,2,3,33.33,66.67
M112,PARAPROFESSIONAL,86,14,100,86,14
M114,PARAPROFESSIONAL,117,3,120,97.5,2.5
M115,PARAPROFESSIONAL,127,8,135,94.07,5.93
M116,PARAPROFESSIONAL,130,2,132,98.48,1.52
M123,PARAPROFESSIONAL,129,12,141,91.49,8.51
M123,MALE PARA,21,4,25,84,16
M123,FEMALE PARA,22,2,24,91.67,8.33
M124,PARAPROFESSIONAL,62,0,62,100,0
M124,SPANISH SPEAKING PARA,21,0,21,100,0
M125,PARAPROFESSIONAL,125,3,128,97.66,2.34
M126,PARAPROFESSIONAL,303,1,304,99.67,0.33
M128,PARAPROFESSIONAL,96,0,96,100,0
M129,PARAPROFESSIONAL,123,17,140,87.86,12.14
M130,PARAPROFESSIONAL,69,16,85,81.18,18.82
M131,MALE PARA,21,0,21,100,0
M131,FEMALE MANDARIN SPEAKING PARA,0,2,2,0,100
M131,MALE SPANISH SPEAKING PARA,0,2,2,0,100
M132,PARAPROFESSIONAL,42,0,42,100,0
M133,PARAPROFESSIONAL,158,10,168,94.05,5.95
M134,PARAPROFESSIONAL,151,13,164,92.07,7.93
M138,PARAPROFESSIONAL,1648,331,1979,83.27,16.73
M139,PARAPROFESSIONAL,7,0,7,100,0
M140,PARAPROFESSIONAL,87,4,91,95.6,4.4
M142,PARAPROFESSIONAL,100,9,109,91.74,8.26
M143,PARAPROFESSIONAL,90,1,91,98.9,1.1
M145,PARAPROFESSIONAL,112,16,128,87.5,12.5
M146,PARAPROFESSIONAL,77,10,87,88.51,11.49
M146,SPANISH SPEAKING PARA,38,21,59,64.41,35.59
M148,PARAPROFESSIONAL,84,1,85,98.82,1.18
M149,PARAPROFESSIONAL,225,19,244,92.21,7.79
M150,PARAPROFESSIONAL,35,0,35,100,0
M150,SPANISH SPEAKING PARA,20,1,21,95.24,4.76
M151,PARAPROFESSIONAL,124,9,133,93.23,6.77
M151,FEMALE PARA,21,0,21,100,0
M152,PARAPROFESSIONAL,9,2,11,81.82,18.18
M153,PARAPROFESSIONAL,63,10,73,86.3,13.7
M154,PARAPROFESSIONAL,45,9,54,83.33,16.67
M155,PARAPROFESSIONAL,46,7,53,86.79,13.21
M157,PARAPROFESSIONAL,21,0,21,100,0
M158,PARAPROFESSIONAL,126,5,131,96.18,3.82
M161,PARAPROFESSIONAL,87,0,87,100,0
M161,MALE SPANISH SPEAKING PARA,8,16,24,33.33,66.67
M161,SPANISH SPEAKING PARA,12,9,21,57.14,42.86
M161,ARABIC SPEAKING PARA,2,0,2,100,0
M163,PARAPROFESSIONAL,70,8,78,89.74,10.26
M165,PARAPROFESSIONAL,223,16,239,93.31,6.69
M166,PARAPROFESSIONAL,0,1,1,0,100
M167,PARAPROFESSIONAL,63,0,63,100,0
M169,PARAPROFESSIONAL,1193,228,1421,83.95,16.05
M171,PARAPROFESSIONAL,290,14,304,95.39,4.61
M173,PARAPROFESSIONAL,350,3,353,99.15,0.85
M175,PARAPROFESSIONAL,31,4,35,88.57,11.43
M177,PARAPROFESSIONAL,19,0,19,100,0
M178,PARAPROFESSIONAL,127,8,135,94.07,5.93
M180,PARAPROFESSIONAL,114,8,122,93.44,6.56
M182,PARAPROFESSIONAL,42,1,43,97.67,2.33
M183,PARAPROFESSIONAL,77,13,90,85.56,14.44
M183,ARABIC SPEAKING PARA,21,0,21,100,0
M183,SPANISH SPEAKING PARA,21,0,21,100,0
M184,PARAPROFESSIONAL,41,0,41,100,0
M185,PARAPROFESSIONAL,20,12,32,62.5,37.5
M187,PARAPROFESSIONAL,17,5,22,77.27,22.73
M188,PARAPROFESSIONAL,201,42,243,82.72,17.28
M189,PARAPROFESSIONAL,260,15,275,94.55,5.45
M191,PARAPROFESSIONAL,108,5,113,95.58,4.42
M192,PARAPROFESSIONAL,63,0,63,100,0
M194,PARAPROFESSIONAL,105,0,105,100,0
M197,PARAPROFESSIONAL,90,0,90,100,0
M198,PARAPROFESSIONAL,84,0,84,100,0
M199,PARAPROFESSIONAL,82,16,98,83.67,16.33
M200,PARAPROFESSIONAL,194,6,200,97,3
M206,PARAPROFESSIONAL,86,2,88,97.73,2.27
M210,SPANISH SPEAKING PARA,21,0,21,100,0
M210,PARAPROFESSIONAL,1,1,2,50,50
M211,PARAPROFESSIONAL,21,11,32,65.62,34.38
M211,FEMALE SPANISH SPEAKING PARA,4,7,11,36.36,63.64
M212,PARAPROFESSIONAL,63,0,63,100,0
M217,PARAPROFESSIONAL,157,17,174,90.23,9.77
M217,RUSSIAN SPEAKING PARA,0,21,21,0,100
M223,PARAPROFESSIONAL,0,1,1,0,100
M224,PARAPROFESSIONAL,42,5,47,89.36,10.64
M224,MALE SPANISH SPEAKING PARA,0,21,21,0,100
M225,PARAPROFESSIONAL,105,16,121,86.78,13.22
M226,PARAPROFESSIONAL,503,131,634,79.34,20.66
M226,MALE PARA,21,0,21,100,0
M234,PARAPROFESSIONAL,42,6,48,87.5,12.5
M241,PARAPROFESSIONAL,53,1,54,98.15,1.85
M242,PARAPROFESSIONAL,21,5,26,80.77,19.23
M243,PARAPROFESSIONAL,42,0,42,100,0
M245,PARAPROFESSIONAL,0,1,1,0,100
M247,PARAPROFESSIONAL,21,2,23,91.3,8.7
M255,PARAPROFESSIONAL,9,0,9,100,0
M258,PARAPROFESSIONAL,42,0,42,100,0
M260,PARAPROFESSIONAL,0,1,1,0,100
M267,PARAPROFESSIONAL,92,12,104,88.46,11.54
M276,PARAPROFESSIONAL,217,5,222,97.75,2.25
M278,PARAPROFESSIONAL,37,0,37,100,0
M280,PARAPROFESSIONAL,24,8,32,75,25
M281,PARAPROFESSIONAL,5,12,17,29.41,70.59
M282,PARAPROFESSIONAL,63,0,63,100,0
M286,PARAPROFESSIONAL,42,0,42,100,0
M288,PARAPROFESSIONAL,21,0,21,100,0
M289,PARAPROFESSIONAL,40,9,49,81.63,18.37
M290,PARAPROFESSIONAL,109,1,110,99.09,0.91
M291,PARAPROFESSIONAL,28,9,37,75.68,24.32
M292,PARAPROFESSIONAL,21,0,21,100,0
M293,PARAPROFESSIONAL,63,0,63,100,0
M294,FEMALE PARA,6,15,21,28.57,71.43
M296,SPANISH SPEAKING PARA,42,0,42,100,0
M297,PARAPROFESSIONAL,2,9,11,18.18,81.82
M298,PARAPROFESSIONAL,21,63,84,25,75
M303,PARAPROFESSIONAL,44,21,65,67.69,32.31
M304,PARAPROFESSIONAL,84,0,84,100,0
M307,PARAPROFESSIONAL,100,7,107,93.46,6.54
M308,PARAPROFESSIONAL,42,0,42,100,0
M311,PARAPROFESSIONAL,142,2,144,98.61,1.39
M312,PARAPROFESSIONAL,38,21,59,64.41,35.59
M314,PARAPROFESSIONAL,42,0,42,100,0
M315,PARAPROFESSIONAL,142,25,167,85.03,14.97
M318,PARAPROFESSIONAL,68,3,71,95.77,4.23
M319,PARAPROFESSIONAL,66,5,71,92.96,7.04
M324,PARAPROFESSIONAL,16,0,16,100,0
M333,PARAPROFESSIONAL,233,29,262,88.93,11.07
M333,SPANISH SPEAKING PARA,0,21,21,0,100
M334,PARAPROFESSIONAL,44,2,46,95.65,4.35
M340,PARAPROFESSIONAL,99,19,118,83.9,16.1
M343,PARAPROFESSIONAL,22,8,30,73.33,26.67
M346,PARAPROFESSIONAL,21,0,21,100,0
M347,PARAPROFESSIONAL,70,15,85,82.35,17.65
M348,PARAPROFESSIONAL,234,13,247,94.74,5.26
M361,PARAPROFESSIONAL,23,0,23,100,0
M362,PARAPROFESSIONAL,169,0,169,100,0
M363,PARAPROFESSIONAL,93,28,121,76.86,23.14
M364,PARAPROFESSIONAL,21,0,21,100,0
M366,PARAPROFESSIONAL,78,10,88,88.64,11.36
M368,PARAPROFESSIONAL,33,0,33,100,0
M371,PARAPROFESSIONAL,42,1,43,97.67,2.33
M372,PARAPROFESSIONAL,1,7,8,12.5,87.5
M374,PARAPROFESSIONAL,31,11,42,73.81,26.19
M374,MALE PARA,7,3,10,70,30
M374,FEMALE PARA,5,4,9,55.56,44.44
M375,PARAPROFESSIONAL,70,6,76,92.11,7.89
M376,PARAPROFESSIONAL,42,0,42,100,0
M377,PARAPROFESSIONAL,42,0,42,100,0
M378,PARAPROFESSIONAL,21,0,21,100,0
M392,PARAPROFESSIONAL,42,0,42,100,0
M393,PARAPROFESSIONAL,21,0,21,100,0
M397,PARAPROFESSIONAL,63,2,65,96.92,3.08
M400,PARAPROFESSIONAL,59,1,60,98.33,1.67
M402,PARAPROFESSIONAL,42,0,42,100,0
M407,PARAPROFESSIONAL,17,25,42,40.48,59.52
M408,PARAPROFESSIONAL,21,0,21,100,0
M412,PARAPROFESSIONAL,1,2,3,33.33,66.67
M413,PARAPROFESSIONAL,42,21,63,66.67,33.33
M415,PARAPROFESSIONAL,23,9,32,71.88,28.12
M417,PARAPROFESSIONAL,8,13,21,38.1,61.9
M419,PARAPROFESSIONAL,40,2,42,95.24,4.76
M420,PARAPROFESSIONAL,24,2,26,92.31,7.69
M421,PARAPROFESSIONAL,42,8,50,84,16
M423,SPANISH SPEAKING PARA,30,0,30,100,0
M427,SPANISH SPEAKING PARA,42,0,42,100,0
M427,PARAPROFESSIONAL,21,0,21,100,0
M432,MALE SPANISH SPEAKING PARA,0,21,21,0,100
M432,PARAPROFESSIONAL,21,0,21,100,0
M435,PARAPROFESSIONAL,147,0,147,100,0
M439,PARAPROFESSIONAL,21,0,21,100,0
M450,PARAPROFESSIONAL,63,20,83,75.9,24.1
M452,PARAPROFESSIONAL,80,5,85,94.12,5.88
M458,PARAPROFESSIONAL,42,0,42,100,0
M462,FEMALE SPANISH SPEAKING PARA,63,0,63,100,0
M462,MALE SPANISH SPEAKING PARA,0,21,21,0,100
M468,FEMALE SPANISH SPEAKING PARA,21,0,21,100,0
M475,PARAPROFESSIONAL,21,3,24,87.5,12.5
M485,PARAPROFESSIONAL,42,0,42,100,0
M489,PARAPROFESSIONAL,15,0,15,100,0
M497,PARAPROFESSIONAL,29,7,36,80.56,19.44
M499,PARAPROFESSIONAL,21,4,25,84,16
M505,PARAPROFESSIONAL,22,4,26,84.62,15.38
M507,PARAPROFESSIONAL,63,21,84,75,25
M513,PARAPROFESSIONAL,25,4,29,86.21,13.79
M513,SPANISH SPEAKING PARA,21,0,21,100,0
M514,PARAPROFESSIONAL,21,1,22,95.45,4.55
M515,CANTONESE SPEAKING PARA,21,0,21,100,0
M527,PARAPROFESSIONAL,42,0,42,100,0
M529,PARAPROFESSIONAL,21,0,21,100,0
M529,TURKISH SPEAKING PARA,21,0,21,100,0
M534,PARAPROFESSIONAL,21,0,21,100,0
M534,FEMALE PARA,0,3,3,0,100
M539,PARAPROFESSIONAL,137,26,163,84.05,15.95
M540,PARAPROFESSIONAL,105,0,105,100,0
M543,PARAPROFESSIONAL,9,0,9,100,0
M546,MALE PARA,80,0,80,100,0
M546,FEMALE PARA,60,3,63,95.24,4.76
M550,SPANISH SPEAKING PARA,1,18,19,5.26,94.74
M551,PARAPROFESSIONAL,21,21,42,50,50
M555,PARAPROFESSIONAL,21,0,21,100,0
M580,PARAPROFESSIONAL,21,0,21,100,0
M600,PARAPROFESSIONAL,145,1,146,99.32,0.68
M610,PARAPROFESSIONAL,144,2,146,98.63,1.37
M630,PARAPROFESSIONAL,22,5,27,81.48,18.52
M670,PARAPROFESSIONAL,22,1,23,95.65,4.35
M670,MALE PARA,21,0,21,100,0
M680,PARAPROFESSIONAL,21,0,21,100,0
M696,PARAPROFESSIONAL,21,0,21,100,0
M721,PARAPROFESSIONAL,401,90,491,81.67,18.33
M721,MALE PARA,106,37,143,74.13,25.87
M721,SPANISH SPEAKING PARA,42,0,42,100,0
M721,FEMALE PARA,21,0,21,100,0
M751,PARAPROFESSIONAL,143,2,145,98.62,1.38
M811,PARAPROFESSIONAL,1663,130,1793,92.75,7.25
M811,MALE PARA,42,0,42,100,0
M825,PARAPROFESSIONAL,55,3,58,94.83,5.17
M839,PARAPROFESSIONAL,42,0,42,100,0
M859,PARAPROFESSIONAL,27,0,27,100,0
M860,PARAPROFESSIONAL,65,33,98,66.33,33.67
M860,SPANISH SPEAKING PARA,21,0,21,100,0
M862,PARAPROFESSIONAL,132,7,139,94.96,5.04
M862,SPANISH SPEAKING PARA,21,2,23,91.3,8.7
M896,PARAPROFESSIONAL,56,29,85,65.88,34.12
M964,PARAPROFESSIONAL,324,41,365,88.77,11.23
M964,SPANISH SPEAKING PARA,21,0,21,100,0
MP02,PARAPROFESSIONAL,296,25,321,92.21,7.79
Q002,PARAPROFESSIONAL,58,0,58,100,0
Q004,PARAPROFESSIONAL,712,176,888,80.18,19.82
Q004,SPANISH SPEAKING PARA,18,2,20,90,10
Q004,MANDARIN SPEAKING PARA,1,0,1,100,0
Q005,PARAPROFESSIONAL,21,14,35,60,40
Q007,PARAPROFESSIONAL,86,13,99,86.87,13.13
Q007,MALE PARA,1,7,8,12.5,87.5
Q008,PARAPROFESSIONAL,55,4,59,93.22,6.78
Q009,PARAPROFESSIONAL,1341,254,1595,84.08,15.92
Q009,MALE PARA,75,0,75,100,0
Q009,SPANISH SPEAKING PARA,21,0,21,100,0
Q009,MANDARIN SPEAKING PARA,19,1,20,95,5
Q009,BENGALI SPEAKING PARA,14,0,14,100,0
Q010,PARAPROFESSIONAL,0,7,7,0,100
Q011,PARAPROFESSIONAL,125,0,125,100,0
Q012,PARAPROFESSIONAL,102,2,104,98.08,1.92
Q012,TURKISH SPEAKING PARA,0,20,20,0,100
Q013,PARAPROFESSIONAL,99,50,149,66.44,33.56
Q014,PARAPROFESSIONAL,72,15,87,82.76,17.24
Q015,PARAPROFESSIONAL,163,2,165,98.79,1.21
Q016,PARAPROFESSIONAL,33,2,35,94.29,5.71
Q017,PARAPROFESSIONAL,26,23,49,53.06,46.94
Q018,PARAPROFESSIONAL,129,1,130,99.23,0.77
Q019,PARAPROFESSIONAL,83,12,95,87.37,12.63
Q019,SPANISH SPEAKING PARA,2,0,2,100,0
Q020,PARAPROFESSIONAL,139,12,151,92.05,7.95
Q021,PARAPROFESSIONAL,131,15,146,89.73,10.27
Q022,PARAPROFESSIONAL,99,9,108,91.67,8.33
Q023,PARAPROFESSIONAL,720,212,932,77.25,22.75
Q024,PARAPROFESSIONAL,196,19,215,91.16,8.84
Q025,PARAPROFESSIONAL,37,17,54,68.52,31.48
Q025,SPANISH SPEAKING PARA,42,0,42,100,0
Q026,PARAPROFESSIONAL,125,15,140,89.29,10.71
Q028,PARAPROFESSIONAL,21,0,21,100,0
Q029,PARAPROFESSIONAL,22,6,28,78.57,21.43
Q031,PARAPROFESSIONAL,33,9,42,78.57,21.43
Q032,PARAPROFESSIONAL,89,4,93,95.7,4.3
Q033,PARAPROFESSIONAL,111,9,120,92.5,7.5
Q034,PARAPROFESSIONAL,186,6,192,96.88,3.12
Q035,PARAPROFESSIONAL,142,12,154,92.21,7.79
Q036,PARAPROFESSIONAL,37,4,41,90.24,9.76
Q037,PARAPROFESSIONAL,105,7,112,93.75,6.25
Q038,PARAPROFESSIONAL,57,0,57,100,0
Q038,SPANISH SPEAKING PARA,11,10,21,52.38,47.62
Q040,PARAPROFESSIONAL,106,5,111,95.5,4.5
Q041,PARAPROFESSIONAL,86,0,86,100,0
Q042,PARAPROFESSIONAL,161,30,191,84.29,15.71
Q043,PARAPROFESSIONAL,172,26,198,86.87,13.13
Q045,PARAPROFESSIONAL,42,10,52,80.77,19.23
Q046,PARAPROFESSIONAL,176,14,190,92.63,7.37
Q046,SPANISH SPEAKING PARA,10,0,10,100,0
Q047,PARAPROFESSIONAL,154,6,160,96.25,3.75
Q048,PARAPROFESSIONAL,131,1,132,99.24,0.76
Q048,MALE PARA,21,0,21,100,0
Q048,FEMALE PARA,17,0,17,100,0
Q049,PARAPROFESSIONAL,142,9,151,94.04,5.96
Q050,PARAPROFESSIONAL,229,41,270,84.81,15.19
Q051,PARAPROFESSIONAL,125,6,131,95.42,4.58
Q052,PARAPROFESSIONAL,13,0,13,100,0
Q053,PARAPROFESSIONAL,119,2,121,98.35,1.65
Q053,SPANISH SPEAKING PARA,0,19,19,0,100
Q053,FEMALE SPANISH SPEAKING PARA,18,0,18,100,0
Q054,PARAPROFESSIONAL,45,2,47,95.74,4.26
Q054,BENGALI SPEAKING PARA,1,0,1,100,0
Q055,PARAPROFESSIONAL,89,0,89,100,0
Q056,PARAPROFESSIONAL,29,5,34,85.29,14.71
Q058,PARAPROFESSIONAL,56,29,85,65.88,34.12
Q058,SPANISH SPEAKING PARA,1,20,21,4.76,95.24
Q059,PARAPROFESSIONAL,42,0,42,100,0
Q060,PARAPROFESSIONAL,153,12,165,92.73,7.27
Q060,SPANISH SPEAKING PARA,72,0,72,100,0
Q061,PARAPROFESSIONAL,111,43,154,72.08,27.92
Q062,PARAPROFESSIONAL,32,11,43,74.42,25.58
Q063,PARAPROFESSIONAL,158,9,167,94.61,5.39
Q064,PARAPROFESSIONAL,85,5,90,94.44,5.56
Q064,BENGALI SPEAKING PARA,4,2,6,66.67,33.33
Q065,PARAPROFESSIONAL,29,10,39,74.36,25.64
Q066,PARAPROFESSIONAL,23,1,24,95.83,4.17
Q067,PARAPROFESSIONAL,72,9,81,88.89,11.11
Q068,PARAPROFESSIONAL,42,13,55,76.36,23.64
Q069,PARAPROFESSIONAL,150,6,156,96.15,3.85
Q070,PARAPROFESSIONAL,306,22,328,93.29,6.71
Q070,SPANISH SPEAKING PARA,20,1,21,95.24,4.76
Q071,PARAPROFESSIONAL,133,44,177,75.14,24.86
Q072,PARAPROFESSIONAL,46,0,46,100,0
Q073,PARAPROFESSIONAL,31,2,33,93.94,6.06
Q074,PARAPROFESSIONAL,42,1,43,97.67,2.33
Q075,PARAPROFESSIONAL,1689,167,1856,91,9
Q075,MALE PARA,21,0,21,100,0
Q076,PARAPROFESSIONAL,168,36,204,82.35,17.65
Q077,PARAPROFESSIONAL,162,8,170,95.29,4.71
Q077,SPANISH SPEAKING PARA,21,0,21,100,0
Q078,PARAPROFESSIONAL,1,14,15,6.67,93.33
Q079,PARAPROFESSIONAL,294,32,326,90.18,9.82
Q080,PARAPROFESSIONAL,126,4,130,96.92,3.08
Q080,SPANISH SPEAKING PARA,0,4,4,0,100
Q081,PARAPROFESSIONAL,84,1,85,98.82,1.18
Q082,PARAPROFESSIONAL,212,0,212,100,0
Q084,PARAPROFESSIONAL,62,4,66,93.94,6.06
Q085,PARAPROFESSIONAL,188,48,236,79.66,20.34
Q086,PARAPROFESSIONAL,127,0,127,100,0
Q087,PARAPROFESSIONAL,73,13,86,84.88,15.12
Q088,PARAPROFESSIONAL,210,25,235,89.36,10.64
Q089,PARAPROFESSIONAL,56,33,89,62.92,37.08
Q090,PARAPROFESSIONAL,39,1,40,97.5,2.5
Q091,PARAPROFESSIONAL,58,6,64,90.62,9.38
Q092,PARAPROFESSIONAL,19,0,19,100,0
Q093,PARAPROFESSIONAL,185,12,197,93.91,6.09
Q094,PARAPROFESSIONAL,27,0,27,100,0
Q095,PARAPROFESSIONAL,105,0,105,100,0
Q096,PARAPROFESSIONAL,2,6,8,25,75
Q097,PARAPROFESSIONAL,38,5,43,88.37,11.63
Q098,PARAPROFESSIONAL,44,0,44,100,0
Q099,PARAPROFESSIONAL,27,0,27,100,0
Q100,PARAPROFESSIONAL,106,0,106,100,0
Q101,PARAPROFESSIONAL,44,5,49,89.8,10.2
Q102,PARAPROFESSIONAL,27,9,36,75,25
Q104,PARAPROFESSIONAL,94,11,105,89.52,10.48
Q104,MALE PARA,21,0,21,100,0
Q105,PARAPROFESSIONAL,91,21,112,81.25,18.75
Q106,PARAPROFESSIONAL,57,11,68,83.82,16.18
Q107,PARAPROFESSIONAL,50,34,84,59.52,40.48
Q108,PARAPROFESSIONAL,29,15,44,65.91,34.09
Q109,PARAPROFESSIONAL,1,22,23,4.35,95.65
Q110,PARAPROFESSIONAL,64,8,72,88.89,11.11
Q110,SPANISH SPEAKING PARA,37,5,42,88.1,11.9
Q111,PARAPROFESSIONAL,88,28,116,75.86,24.14
Q111,SPANISH SPEAKING PARA,1,20,21,4.76,95.24
Q112,PARAPROFESSIONAL,59,3,62,95.16,4.84
Q112,MANDARIN SPEAKING PARA,21,0,21,100,0
Q113,PARAPROFESSIONAL,115,8,123,93.5,6.5
Q113,NEPALI SPEAKING PARA,0,7,7,0,100
Q113,SPANISH SPEAKING PARA,0,2,2,0,100
Q114,PARAPROFESSIONAL,153,0,153,100,0
Q115,PARAPROFESSIONAL,44,29,73,60.27,39.73
Q116,PARAPROFESSIONAL,195,2,197,98.98,1.02
Q116,SPANISH SPEAKING PARA,18,0,18,100,0
Q117,PARAPROFESSIONAL,5,8,13,38.46,61.54
Q118,PARAPROFESSIONAL,85,16,101,84.16,15.84
Q119,PARAPROFESSIONAL,62,5,67,92.54,7.46
Q120,PARAPROFESSIONAL,39,25,64,60.94,39.06
Q120,MANDARIN SPEAKING PARA,13,7,20,65,35
Q121,PARAPROFESSIONAL,85,13,98,86.73,13.27
Q121,SPANISH SPEAKING PARA,34,7,41,82.93,17.07
Q122,PARAPROFESSIONAL,59,10,69,85.51,14.49
Q123,PARAPROFESSIONAL,61,18,79,77.22,22.78
Q124,PARAPROFESSIONAL,54,7,61,88.52,11.48
Q125,PARAPROFESSIONAL,65,9,74,87.84,12.16
Q126,PARAPROFESSIONAL,0,3,3,0,100
Q127,PARAPROFESSIONAL,43,5,48,89.58,10.42
Q128,PARAPROFESSIONAL,31,18,49,63.27,36.73
Q129,PARAPROFESSIONAL,64,27,91,70.33,29.67
Q130,PARAPROFESSIONAL,2,0,2,100,0
Q131,PARAPROFESSIONAL,73,1,74,98.65,1.35
Q132,PARAPROFESSIONAL,46,5,51,90.2,9.8
Q133,PARAPROFESSIONAL,126,7,133,94.74,5.26
Q133,SPANISH SPEAKING PARA,6,3,9,66.67,33.33
Q134,PARAPROFESSIONAL,67,11,78,85.9,14.1
Q135,PARAPROFESSIONAL,0,4,4,0,100
Q136,PARAPROFESSIONAL,71,16,87,81.61,18.39
Q136,SPANISH SPEAKING PARA,3,30,33,9.09,90.91
Q137,PARAPROFESSIONAL,140,9,149,93.96,6.04
Q138,PARAPROFESSIONAL,87,0,87,100,0
Q139,PARAPROFESSIONAL,61,11,72,84.72,15.28
Q139,FEMALE UZBEK SPEAKING PARA,0,1,1,0,100
Q140,PARAPROFESSIONAL,21,1,22,95.45,4.55
Q141,PARAPROFESSIONAL,43,3,46,93.48,6.52
Q143,PARAPROFESSIONAL,211,30,241,87.55,12.45
Q144,PARAPROFESSIONAL,63,18,81,77.78,22.22
Q145,PARAPROFESSIONAL,21,0,21,100,0
Q146,PARAPROFESSIONAL,86,0,86,100,0
Q147,PARAPROFESSIONAL,268,0,268,100,0
Q148,PARAPROFESSIONAL,72,16,88,81.82,18.18
Q148,FEMALE SPANISH SPEAKING PARA,21,0,21,100,0
Q148,SPANISH SPEAKING PARA,21,0,21,100,0
Q149,PARAPROFESSIONAL,30,13,43,69.77,30.23
Q150,PARAPROFESSIONAL,48,15,63,76.19,23.81
Q151,PARAPROFESSIONAL,27,1,28,96.43,3.57
Q152,PARAPROFESSIONAL,54,4,58,93.1,6.9
Q152,BENGALI SPEAKING PARA,21,0,21,100,0
Q152,RUSSIAN SPEAKING PARA,0,21,21,0,100
Q153,PARAPROFESSIONAL,29,2,31,93.55,6.45
Q154,PARAPROFESSIONAL,69,14,83,83.13,16.87
Q155,PARAPROFESSIONAL,110,7,117,94.02,5.98
Q155,SPANISH SPEAKING PARA,21,0,21,100,0
Q155,PUNJABI SPEAKING PARA,17,0,17,100,0
Q156,PARAPROFESSIONAL,0,3,3,0,100
Q157,PARAPROFESSIONAL,163,24,187,87.17,12.83
Q158,MANDARIN SPEAKING PARA,21,0,21,100,0
Q158,SPANISH SPEAKING PARA,0,21,21,0,100
Q158,PARAPROFESSIONAL,2,9,11,18.18,81.82
Q159,PARAPROFESSIONAL,0,1,1,0,100
Q160,PARAPROFESSIONAL,75,7,82,91.46,8.54
Q161,PARAPROFESSIONAL,47,0,47,100,0
Q162,PARAPROFESSIONAL,64,8,72,88.89,11.11
Q163,PARAPROFESSIONAL,23,5,28,82.14,17.86
Q164,PARAPROFESSIONAL,77,38,115,66.96,33.04
Q165,PARAPROFESSIONAL,79,20,99,79.8,20.2
Q166,PARAPROFESSIONAL,7,2,9,77.78,22.22
Q167,PARAPROFESSIONAL,65,1,66,98.48,1.52
Q169,PARAPROFESSIONAL,3,0,3,100,0
Q171,FEMALE PARA,42,0,42,100,0
Q171,MALE PARA,21,0,21,100,0
Q172,PARAPROFESSIONAL,1,4,5,20,80
Q173,PARAPROFESSIONAL,149,28,177,84.18,15.82
Q173,SPANISH SPEAKING PARA,6,6,12,50,50
Q174,PARAPROFESSIONAL,58,4,62,93.55,6.45
Q174,SPANISH SPEAKING PARA,16,5,21,76.19,23.81
Q175,FEMALE PARA,284,7,291,97.59,2.41
Q175,MALE PARA,84,0,84,100,0
Q175,PARAPROFESSIONAL,1,9,10,10,90
Q176,PARAPROFESSIONAL,224,7,231,96.97,3.03
Q177,PARAPROFESSIONAL,676,75,751,90.01,9.99
Q177,MANDARIN SPEAKING PARA,13,8,21,61.9,38.1
Q177,SPANISH SPEAKING PARA,0,10,10,0,100
Q177,POLISH SPEAKING PARA,0,9,9,0,100
Q178,PARAPROFESSIONAL,72,10,82,87.8,12.2
Q178,HEBREW SPEAKING PARA,0,21,21,0,100
Q181,PARAPROFESSIONAL,125,24,149,83.89,16.11
Q182,PARAPROFESSIONAL,120,0,120,100,0
Q183,PARAPROFESSIONAL,165,27,192,85.94,14.06
Q183,SPANISH SPEAKING PARA,0,21,21,0,100
Q184,PARAPROFESSIONAL,20,2,22,90.91,9.09
Q185,PARAPROFESSIONAL,21,6,27,77.78,22.22
Q185,SPANISH SPEAKING PARA,0,21,21,0,100
Q186,PARAPROFESSIONAL,72,5,77,93.51,6.49
Q188,PARAPROFESSIONAL,7,3,10,70,30
Q189,PARAPROFESSIONAL,63,7,70,90,10
Q189,MANDARIN SPEAKING PARA,42,0,42,100,0
Q189,SPANISH SPEAKING PARA,21,0,21,100,0
Q190,PARAPROFESSIONAL,14,6,20,70,30
Q191,PARAPROFESSIONAL,63,13,76,82.89,17.11
Q192,PARAPROFESSIONAL,21,0,21,100,0
Q192,PORTUGUESE SPEAKING PARA,3,0,3,100,0
Q193,PARAPROFESSIONAL,3,6,9,33.33,66.67
Q194,PARAPROFESSIONAL,73,13,86,84.88,15.12
Q194,MANDARIN SPEAKING PARA,11,0,11,100,0
Q195,PARAPROFESSIONAL,31,1,32,96.88,3.12
Q196,PARAPROFESSIONAL,25,1,26,96.15,3.85
Q196,FEMALE SPANISH SPEAKING PARA,21,0,21,100,0
Q197,PARAPROFESSIONAL,0,14,14,0,100
Q199,PARAPROFESSIONAL,106,19,125,84.8,15.2
Q200,PARAPROFESSIONAL,199,15,214,92.99,7.01
Q201,PARAPROFESSIONAL,55,16,71,77.46,22.54
Q202,PARAPROFESSIONAL,25,2,27,92.59,7.41
Q203,PARAPROFESSIONAL,42,10,52,80.77,19.23
Q204,PARAPROFESSIONAL,52,3,55,94.55,5.45
Q205,PARAPROFESSIONAL,49,0,49,100,0
Q206,PARAPROFESSIONAL,10,7,17,58.82,41.18
Q207,PARAPROFESSIONAL,114,9,123,92.68,7.32
Q208,PARAPROFESSIONAL,108,7,115,93.91,6.09
Q209,FEMALE PARA,63,0,63,100,0
Q210,PARAPROFESSIONAL,71,5,76,93.42,6.58
Q210,SPANISH SPEAKING PARA,63,0,63,100,0
Q211,PARAPROFESSIONAL,142,8,150,94.67,5.33
Q212,PARAPROFESSIONAL,55,7,62,88.71,11.29
Q213,PARAPROFESSIONAL,106,12,118,89.83,10.17
Q214,PARAPROFESSIONAL,29,1,30,96.67,3.33
Q214,MANDARIN SPEAKING PARA,20,1,21,95.24,4.76
Q216,PARAPROFESSIONAL,6,3,9,66.67,33.33
Q219,PARAPROFESSIONAL,93,16,109,85.32,14.68
Q220,PARAPROFESSIONAL,22,17,39,56.41,43.59
Q221,PARAPROFESSIONAL,30,4,34,88.24,11.76
Q222,PARAPROFESSIONAL,33,17,50,66,34
Q222,MALE SPANISH SPEAKING PARA,0,4,4,0,100
Q223,PARAPROFESSIONAL,182,13,195,93.33,6.67
Q224,PARAPROFESSIONAL,411,100,511,80.43,19.57
Q224,SPANISH SPEAKING PARA,1,2,3,33.33,66.67
Q226,PARAPROFESSIONAL,67,7,74,90.54,9.46
Q226,SPANISH SPEAKING PARA,17,7,24,70.83,29.17
Q227,PARAPROFESSIONAL,39,37,76,51.32,48.68
Q228,PARAPROFESSIONAL,63,1,64,98.44,1.56
Q229,PARAPROFESSIONAL,129,36,165,78.18,21.82
Q230,PARAPROFESSIONAL,74,13,87,85.06,14.94
Q232,PARAPROFESSIONAL,9,0,9,100,0
Q233,PARAPROFESSIONAL,936,132,1068,87.64,12.36
Q233,MALE PARA,5,1,6,83.33,16.67
Q234,PARAPROFESSIONAL,152,13,165,92.12,7.88
Q235,NEPALI SPEAKING PARA,0,1,1,0,100
Q236,SPANISH SPEAKING PARA,21,0,21,100,0
Q237,PARAPROFESSIONAL,70,1,71,98.59,1.41
Q237,FEMALE MANDARIN SPEAKING PARA,12,0,12,100,0
Q239,PARAPROFESSIONAL,124,32,156,79.49,20.51
Q242,PARAPROFESSIONAL,14,5,19,73.68,26.32
Q244,PARAPROFESSIONAL,10,0,10,100,0
Q248,PARAPROFESSIONAL,106,3,109,97.25,2.75
Q251,PARAPROFESSIONAL,86,1,87,98.85,1.15
Q251,PASHTO SPEAKING PARA,0,21,21,0,100
Q253,PARAPROFESSIONAL,256,0,256,100,0
Q254,PARAPROFESSIONAL,68,6,74,91.89,8.11
Q254,SPANISH SPEAKING PARA,18,0,18,100,0
Q255,PARAPROFESSIONAL,924,72,996,92.77,7.23
Q256,PARAPROFESSIONAL,685,115,800,85.62,14.37
Q258,PARAPROFESSIONAL,40,0,40,100,0
Q259,PARAPROFESSIONAL,0,5,5,0,100
Q260,PARAPROFESSIONAL,103,0,103,100,0
Q262,PARAPROFESSIONAL,1,12,13,7.69,92.31
Q263,ARABIC SPEAKING PARA,21,0,21,100,0
Q263,BENGALI SPEAKING PARA,21,0,21,100,0
Q263,PARAPROFESSIONAL,7,0,7,100,0
Q265,PARAPROFESSIONAL,42,0,42,100,0
Q266,PARAPROFESSIONAL,21,10,31,67.74,32.26
Q267,PARAPROFESSIONAL,41,2,43,95.35,4.65
Q268,PARAPROFESSIONAL,63,2,65,96.92,3.08
Q270,PARAPROFESSIONAL,75,12,87,86.21,13.79
Q272,MALE PARA,42,0,42,100,0
Q272,PARAPROFESSIONAL,21,2,23,91.3,8.7
Q272,FEMALE PARA,21,0,21,100,0
Q273,PARAPROFESSIONAL,44,2,46,95.65,4.35
Q277,PARAPROFESSIONAL,1906,424,2330,81.8,18.2
Q277,RUSSIAN SPEAKING PARA,15,31,46,32.61,67.39
Q277,MALE PARA,4,41,45,8.89,91.11
Q277,SPANISH SPEAKING PARA,27,10,37,72.97,27.03
Q280,PARAPROFESSIONAL,98,1,99,98.99,1.01
Q281,PARAPROFESSIONAL,5,7,12,41.67,58.33
Q282,PARAPROFESSIONAL,24,21,45,53.33,46.67
Q283,PARAPROFESSIONAL,63,0,63,100,0
Q284,PARAPROFESSIONAL,42,0,42,100,0
Q285,PARAPROFESSIONAL,84,0,84,100,0
Q285,SPANISH SPEAKING PARA,21,0,21,100,0
Q286,PARAPROFESSIONAL,18,2,20,90,10
Q287,PARAPROFESSIONAL,42,3,45,93.33,6.67
Q289,PARAPROFESSIONAL,57,0,57,100,0
Q290,PARAPROFESSIONAL,81,9,90,90,10
Q291,PARAPROFESSIONAL,67,20,87,77.01,22.99
Q291,MALE PARA,0,21,21,0,100
Q291,SPANISH SPEAKING PARA,21,0,21,100,0
Q293,PARAPROFESSIONAL,38,8,46,82.61,17.39
Q294,PARAPROFESSIONAL,7,3,10,70,30
Q295,FEMALE PARA,98,4,102,96.08,3.92
Q295,MALE PARA,42,0,42,100,0
Q295,SPANISH SPEAKING PARA,21,0,21,100,0
Q295,PARAPROFESSIONAL,0,2,2,0,100
Q297,SPANISH SPEAKING PARA,21,1,22,95.45,4.55
Q297,ARABIC SPEAKING PARA,21,0,21,100,0
Q297,PARAPROFESSIONAL,8,4,12,66.67,33.33
Q299,PARAPROFESSIONAL,42,0,42,100,0
Q300,PARAPROFESSIONAL,53,2,55,96.36,3.64
Q301,PARAPROFESSIONAL,101,6,107,94.39,5.61
Q302,PARAPROFESSIONAL,21,0,21,100,0
Q303,PARAPROFESSIONAL,22,0,22,100,0
Q305,PARAPROFESSIONAL,90,55,145,62.07,37.93
Q306,PARAPROFESSIONAL,18,7,25,72,28
Q307,MALE SPANISH SPEAKING PARA,63,0,63,100,0
Q307,PARAPROFESSIONAL,42,4,46,91.3,8.7
Q308,PARAPROFESSIONAL,23,0,23,100,0
Q308,SPANISH SPEAKING PARA,21,0,21,100,0
Q309,PARAPROFESSIONAL,94,7,101,93.07,6.93
Q310,PARAPROFESSIONAL,101,5,106,95.28,4.72
Q310,SPANISH SPEAKING PARA,21,0,21,100,0
Q311,PARAPROFESSIONAL,57,5,62,91.94,8.06
Q311,NEPALI SPEAKING PARA,0,1,1,0,100
Q312,PARAPROFESSIONAL,77,4,81,95.06,4.94
Q312,SPANISH SPEAKING PARA,7,15,22,31.82,68.18
Q312,MALE PARA,13,3,16,81.25,18.75
Q312,BENGALI SPEAKING PARA,7,0,7,100,0
Q313,BENGALI SPEAKING PARA,19,2,21,90.48,9.52
Q313,SPANISH SPEAKING PARA,2,19,21,9.52,90.48
Q314,PARAPROFESSIONAL,42,0,42,100,0
Q316,PARAPROFESSIONAL,19,6,25,76,24
Q317,PARAPROFESSIONAL,50,0,50,100,0
Q317,SPANISH SPEAKING PARA,2,9,11,18.18,81.82
Q319,FEMALE PARA,104,0,104,100,0
Q319,MALE PARA,61,2,63,96.83,3.17
Q319,MALE SPANISH SPEAKING PARA,0,21,21,0,100
Q319,PARAPROFESSIONAL,21,0,21,100,0
Q323,PARAPROFESSIONAL,42,0,42,100,0
Q324,PARAPROFESSIONAL,42,0,42,100,0
Q325,PARAPROFESSIONAL,0,1,1,0,100
Q326,PARAPROFESSIONAL,21,0,21,100,0
Q327,PARAPROFESSIONAL,141,7,148,95.27,4.73
Q329,PARAPROFESSIONAL,46,7,53,86.79,13.21
Q330,PARAPROFESSIONAL,21,2,23,91.3,8.7
Q332,PARAPROFESSIONAL,42,0,42,100,0
Q333,PARAPROFESSIONAL,136,29,165,82.42,17.58
Q334,PARAPROFESSIONAL,71,13,84,84.52,15.48
Q343,PARAPROFESSIONAL,62,12,74,83.78,16.22
Q344,SPANISH SPEAKING PARA,0,21,21,0,100
Q349,PARAPROFESSIONAL,170,17,187,90.91,9.09
Q349,SPANISH SPEAKING PARA,21,0,21,100,0
Q351,PARAPROFESSIONAL,21,63,84,25,75
Q354,PARAPROFESSIONAL,90,8,98,91.84,8.16
Q355,PARAPROFESSIONAL,0,1,1,0,100
Q356,PARAPROFESSIONAL,26,15,41,63.41,36.59
Q358,PARAPROFESSIONAL,21,0,21,100,0
Q360,PARAPROFESSIONAL,22,0,22,100,0
Q361,PARAPROFESSIONAL,55,4,59,93.22,6.78
Q362,PARAPROFESSIONAL,126,2,128,98.44,1.56
Q367,PARAPROFESSIONAL,42,0,42,100,0
Q376,PARAPROFESSIONAL,0,1,1,0,100
Q377,PARAPROFESSIONAL,1,1,2,50,50
Q379,PARAPROFESSIONAL,10,3,13,76.92,23.08
Q384,PARAPROFESSIONAL,18,4,22,81.82,18.18
Q390,PARAPROFESSIONAL,8,2,10,80,20
Q398,PARAPROFESSIONAL,78,7,85,91.76,8.24
Q398,URDU SPEAKING PARA,2,3,5,40,60
Q415,PARAPROFESSIONAL,44,15,59,74.58,25.42
Q417,PARAPROFESSIONAL,5,0,5,100,0
Q419,PARAPROFESSIONAL,47,3,50,94,6
Q419,URDU SPEAKING PARA,0,6,6,0,100
Q425,PARAPROFESSIONAL,91,17,108,84.26,15.74
Q425,MALE PARA,0,1,1,0,100
Q429,PARAPROFESSIONAL,26,25,51,50.98,49.02
Q430,PARAPROFESSIONAL,89,18,107,83.18,16.82
Q430,MANDARIN SPEAKING PARA,63,0,63,100,0
Q430,SPANISH SPEAKING PARA,63,0,63,100,0
Q440,PARAPROFESSIONAL,63,7,70,90,10
Q445,PARAPROFESSIONAL,142,47,189,75.13,24.87
Q450,PARAPROFESSIONAL,84,0,84,100,0
Q450,SPANISH SPEAKING PARA,0,42,42,0,100
Q455,PARAPROFESSIONAL,21,0,21,100,0
Q460,PARAPROFESSIONAL,36,1,37,97.3,2.7
Q475,PARAPROFESSIONAL,22,0,22,100,0
Q480,PARAPROFESSIONAL,71,0,71,100,0
Q480,SPANISH SPEAKING PARA,30,33,63,47.62,52.38
Q480,ARABIC SPEAKING PARA,4,9,13,30.77,69.23
Q480,BENGALI SPEAKING PARA,10,3,13,76.92,23.08
Q485,PARAPROFESSIONAL,187,3,190,98.42,1.58
Q492,PARAPROFESSIONAL,21,0,21,100,0
Q495,PARAPROFESSIONAL,33,2,35,94.29,5.71
Q498,PARAPROFESSIONAL,63,0,63,100,0
Q499,PARAPROFESSIONAL,55,12,67,82.09,17.91
Q501,PARAPROFESSIONAL,3,7,10,30,70
Q502,PARAPROFESSIONAL,21,11,32,65.62,34.38
Q502,SPANISH SPEAKING PARA,0,11,11,0,100
Q505,PARAPROFESSIONAL,21,0,21,100,0
Q520,PARAPROFESSIONAL,20,0,20,100,0
Q525,PARAPROFESSIONAL,58,6,64,90.62,9.38
Q540,PARAPROFESSIONAL,9,7,16,56.25,43.75
Q550,PARAPROFESSIONAL,4,4,8,50,50
Q555,PARAPROFESSIONAL,21,0,21,100,0
Q560,PARAPROFESSIONAL,25,21,46,54.35,45.65
Q566,PARAPROFESSIONAL,224,3,227,98.68,1.32
Q575,PARAPROFESSIONAL,23,0,23,100,0
Q600,PARAPROFESSIONAL,13,0,13,100,0
Q610,FEMALE PARA,21,0,21,100,0
Q620,PARAPROFESSIONAL,0,1,1,0,100
Q670,PARAPROFESSIONAL,37,2,39,94.87,5.13
Q680,PARAPROFESSIONAL,51,1,52,98.08,1.92
Q686,PARAPROFESSIONAL,21,0,21,100,0
Q687,PARAPROFESSIONAL,21,0,21,100,0
Q690,PARAPROFESSIONAL,52,0,52,100,0
Q721,PARAPROFESSIONAL,633,137,770,82.21,17.79
Q721,SPANISH SPEAKING PARA,42,0,42,100,0
Q721,JAPANESE SPEAKING PARA,0,16,16,0,100
Q721,BURMESE SPEAKING PARA,0,4,4,0,100
Q752,PARAPROFESSIONAL,743,171,914,81.29,18.71
Q752,MALE PARA,42,1,43,97.67,2.33
Q752,BENGALI SPEAKING PARA,21,0,21,100,0
Q752,SPANISH SPEAKING PARA,9,12,21,42.86,57.14
Q752,FEMALE BENGALI SPEAKING PARA,0,10,10,0,100
Q811,PARAPROFESSIONAL,1640,213,1853,88.51,11.49
Q811,MALE PARA,12,11,23,52.17,47.83
Q811,HAITIAN-CREOLE SPEAKING PARA,21,0,21,100,0
Q896,PARAPROFESSIONAL,21,0,21,100,0
Q952,PARAPROFESSIONAL,106,43,149,71.14,28.86
Q952,LYFE PARA - Work with INFANTS and TODDLERS,48,81,129,37.21,62.79
Q993,PARAPROFESSIONAL,949,247,1196,79.35,20.65
Q993,MANDARIN SPEAKING PARA,7,35,42,16.67,83.33
Q993,FEMALE MANDARIN SPEAKING PARA,21,0,21,100,0
QP24,PARAPROFESSIONAL,732,98,830,88.19,11.81
QP25,PARAPROFESSIONAL,149,19,168,88.69,11.31
QP27,FEMALE PARA,496,25,521,95.2,4.8
QP27,MALE PARA,38,0,38,100,0
QP28,FEMALE PARA,42,1,43,97.67,2.33
QP28,PARAPROFESSIONAL,7,6,13,53.85,46.15
QP29,PARAPROFESSIONAL,228,14,242,94.21,5.79
QP30,PARAPROFESSIONAL,54,3,57,94.74,5.26
R001,PARAPROFESSIONAL,67,0,67,100,0
R002,PARAPROFESSIONAL,136,82,218,62.39,37.61
R002,MANDARIN SPEAKING PARA,0,1,1,0,100
R002,SPANISH SPEAKING PARA,0,1,1,0,100
R003,FEMALE PARA,224,0,224,100,0
R003,MANDARIN SPEAKING PARA,33,0,33,100,0
R003,PARAPROFESSIONAL,22,0,22,100,0
R004,PARAPROFESSIONAL,129,13,142,90.85,9.15
R005,PARAPROFESSIONAL,67,0,67,100,0
R006,PARAPROFESSIONAL,171,9,180,95,5
R007,PARAPROFESSIONAL,68,0,68,100,0
R008,PARAPROFESSIONAL,108,6,114,94.74,5.26
R008,FEMALE PARA,21,0,21,100,0
R009,PARAPROFESSIONAL,79,8,87,90.8,9.2
R010,PARAPROFESSIONAL,21,5,26,80.77,19.23
R011,PARAPROFESSIONAL,109,12,121,90.08,9.92
R011,FEMALE PARA,2,0,2,100,0
R013,PARAPROFESSIONAL,18,1,19,94.74,5.26
R013,SPANISH SPEAKING PARA,0,2,2,0,100
R016,PARAPROFESSIONAL,60,11,71,84.51,15.49
R018,PARAPROFESSIONAL,87,0,87,100,0
R018,SPANISH SPEAKING PARA,21,0,21,100,0
R019,PARAPROFESSIONAL,106,19,125,84.8,15.2
R019,SPANISH SPEAKING PARA,21,0,21,100,0
R019,MALE PARA,9,2,11,81.82,18.18
R020,PARAPROFESSIONAL,14,12,26,53.85,46.15
R021,PARAPROFESSIONAL,49,2,51,96.08,3.92
R022,PARAPROFESSIONAL,13,0,13,100,0
R022,URDU SPEAKING PARA,5,1,6,83.33,16.67
R023,PARAPROFESSIONAL,21,5,26,80.77,19.23
R024,SPANISH SPEAKING PARA,5,5,10,50,50
R024,PARAPROFESSIONAL,0,4,4,0,100
R025,PARAPROFESSIONAL,840,13,853,98.48,1.52
R026,PARAPROFESSIONAL,35,5,40,87.5,12.5
R027,PARAPROFESSIONAL,129,0,129,100,0
R028,PARAPROFESSIONAL,250,5,255,98.04,1.96
R029,PARAPROFESSIONAL,163,5,168,97.02,2.98
R030,PARAPROFESSIONAL,67,0,67,100,0
R031,PARAPROFESSIONAL,232,36,268,86.57,13.43
R031,SPANISH SPEAKING PARA,21,0,21,100,0
R031,FEMALE PARA,1,0,1,100,0
R032,PARAPROFESSIONAL,115,2,117,98.29,1.71
R034,PARAPROFESSIONAL,126,0,126,100,0
R036,PARAPROFESSIONAL,60,22,82,73.17,26.83
R037,PARAPROFESSIONAL,1971,94,2065,95.45,4.55
R037,ALBANIAN SPEAKING PARA,21,0,21,100,0
R037,MANDARIN SPEAKING PARA,0,21,21,0,100
R037,RUSSIAN SPEAKING PARA,21,0,21,100,0
R038,PARAPROFESSIONAL,96,3,99,96.97,3.03
R038,MANDARIN SPEAKING PARA,10,11,21,47.62,52.38
R038,UKRAINIAN SPEAKING PARA,0,21,21,0,100
R038,SPANISH SPEAKING PARA,6,0,6,100,0
R039,PARAPROFESSIONAL,72,0,72,100,0
R039,ARABIC SPEAKING PARA,21,0,21,100,0
R041,PARAPROFESSIONAL,99,9,108,91.67,8.33
R041,MANDARIN SPEAKING PARA,14,0,14,100,0
R041,RUSSIAN SPEAKING PARA,0,6,6,0,100
R042,PARAPROFESSIONAL,321,19,340,94.41,5.59
R044,PARAPROFESSIONAL,170,25,195,87.18,12.82
R044,SPANISH SPEAKING PARA,3,13,16,18.75,81.25
R045,PARAPROFESSIONAL,173,35,208,83.17,16.83
R046,PARAPROFESSIONAL,68,12,80,85,15
R047,PARAPROFESSIONAL,37,3,40,92.5,7.5
R048,PARAPROFESSIONAL,234,0,234,100,0
R049,PARAPROFESSIONAL,42,22,64,65.62,34.38
R050,PARAPROFESSIONAL,42,0,42,100,0
R052,PARAPROFESSIONAL,79,4,83,95.18,4.82
R053,PARAPROFESSIONAL,10,4,14,71.43,28.57
R054,PARAPROFESSIONAL,89,1,90,98.89,1.11
R055,PARAPROFESSIONAL,203,5,208,97.6,2.4
R056,PARAPROFESSIONAL,77,5,82,93.9,6.1
R057,PARAPROFESSIONAL,27,7,34,79.41,20.59
R057,SPANISH SPEAKING PARA,0,1,1,0,100
R058,PARAPROFESSIONAL,90,8,98,91.84,8.16
R059,PARAPROFESSIONAL,91,12,103,88.35,11.65
R060,PARAPROFESSIONAL,62,7,69,89.86,10.14
R061,PARAPROFESSIONAL,105,45,150,70,30
R062,PARAPROFESSIONAL,60,1,61,98.36,1.64
R062,RUSSIAN SPEAKING PARA,21,0,21,100,0
R063,PARAPROFESSIONAL,80,4,84,95.24,4.76
R064,PARAPROFESSIONAL,35,0,35,100,0
R068,PARAPROFESSIONAL,241,13,254,94.88,5.12
R069,PARAPROFESSIONAL,22,0,22,100,0
R072,PARAPROFESSIONAL,42,0,42,100,0
R074,PARAPROFESSIONAL,37,24,61,60.66,39.34
R074,SPANISH SPEAKING PARA,0,3,3,0,100
R075,PARAPROFESSIONAL,5,40,45,11.11,88.89
R075,ABAZA SPEAKING PARA,0,20,20,0,100
R078,PARAPROFESSIONAL,219,40,259,84.56,15.44
R078,FEMALE SPANISH SPEAKING PARA,14,7,21,66.67,33.33
R078,SPANISH SPEAKING PARA,2,0,2,100,0
R080,PARAPROFESSIONAL,189,0,189,100,0
R084,PARAPROFESSIONAL,85,44,129,65.89,34.11
R085,PARAPROFESSIONAL,37,0,37,100,0
R373,PARAPROFESSIONAL,1555,249,1804,86.2,13.8
R373,MALE PARA,21,21,42,50,50
R373,ALBANIAN SPEAKING PARA,21,0,21,100,0
R373,MANDARIN SPEAKING PARA,0,21,21,0,100
R373,SPANISH SPEAKING PARA,21,0,21,100,0
R440,PARAPROFESSIONAL,96,0,96,100,0
R445,PARAPROFESSIONAL,42,0,42,100,0
R450,PARAPROFESSIONAL,63,0,63,100,0
R450,RUSSIAN SPEAKING PARA,0,20,20,0,100
R455,PARAPROFESSIONAL,102,1,103,99.03,0.97
R455,SPANISH SPEAKING PARA,21,0,21,100,0
R455,MANDARIN SPEAKING PARA,7,0,7,100,0
R600,PARAPROFESSIONAL,12,2,14,85.71,14.29
R721,PARAPROFESSIONAL,780,73,853,91.44,8.56
R861,PARAPROFESSIONAL,197,2,199,98.99,1.01
RP31,PARAPROFESSIONAL,866,53,919,94.23,5.77
X001,PARAPROFESSIONAL,303,8,311,97.43,2.57
X003,PARAPROFESSIONAL,60,2,62,96.77,3.23
X004,PARAPROFESSIONAL,197,2,199,98.99,1.01
X004,SPANISH SPEAKING PARA,63,0,63,100,0
X005,PARAPROFESSIONAL,110,26,136,80.88,19.12
X005,SPANISH SPEAKING PARA,21,0,21,100,0
X006,PARAPROFESSIONAL,127,4,131,96.95,3.05
X007,PARAPROFESSIONAL,63,3,66,95.45,4.55
X008,PARAPROFESSIONAL,96,10,106,90.57,9.43
X008,SPANISH SPEAKING PARA,33,0,33,100,0
X009,PARAPROFESSIONAL,115,0,115,100,0
X010,PARAPROFESSIONAL,1868,182,2050,91.12,8.88
X011,PARAPROFESSIONAL,27,1,28,96.43,3.57
X012,PARAPROFESSIONAL,440,77,517,85.11,14.89
X012,FEMALE PARA,63,0,63,100,0
X012,MALE PARA,42,0,42,100,0
X014,PARAPROFESSIONAL,105,2,107,98.13,1.87
X015,PARAPROFESSIONAL,35,4,39,89.74,10.26
X016,PARAPROFESSIONAL,101,10,111,90.99,9.01
X016,SPANISH SPEAKING PARA,1,0,1,100,0
X017,PARAPROFESSIONAL,2163,272,2435,88.83,11.17
X018,PARAPROFESSIONAL,47,8,55,85.45,14.55
X019,PARAPROFESSIONAL,48,17,65,73.85,26.15
X020,PARAPROFESSIONAL,168,7,175,96,4
X021,PARAPROFESSIONAL,168,1,169,99.41,0.59
X022,PARAPROFESSIONAL,105,0,105,100,0
X023,PARAPROFESSIONAL,105,26,131,80.15,19.85
X024,PARAPROFESSIONAL,27,8,35,77.14,22.86
X025,PARAPROFESSIONAL,189,3,192,98.44,1.56
X028,PARAPROFESSIONAL,162,19,181,89.5,10.5
X029,PARAPROFESSIONAL,101,3,104,97.12,2.88
X030,PARAPROFESSIONAL,84,0,84,100,0
X031,PARAPROFESSIONAL,107,9,116,92.24,7.76
X032,PARAPROFESSIONAL,223,7,230,96.96,3.04
X033,PARAPROFESSIONAL,126,11,137,91.97,8.03
X035,PARAPROFESSIONAL,126,1,127,99.21,0.79
X035,MALE PARA,21,0,21,100,0
X035,SPANISH SPEAKING PARA,21,0,21,100,0
X036,FEMALE PARA,56,0,56,100,0
X037,PARAPROFESSIONAL,42,1,43,97.67,2.33
X041,PARAPROFESSIONAL,70,16,86,81.4,18.6
X042,PARAPROFESSIONAL,265,0,265,100,0
X043,PARAPROFESSIONAL,161,3,164,98.17,1.83
X044,PARAPROFESSIONAL,45,3,48,93.75,6.25
X045,SPANISH SPEAKING PARA,30,0,30,100,0
X045,PARAPROFESSIONAL,26,0,26,100,0
X045,FEMALE SPANISH SPEAKING PARA,21,0,21,100,0
X046,PARAPROFESSIONAL,201,8,209,96.17,3.83
X047,PARAPROFESSIONAL,191,36,227,84.14,15.86
X048,PARAPROFESSIONAL,135,32,167,80.84,19.16
X049,PARAPROFESSIONAL,108,16,124,87.1,12.9
X051,PARAPROFESSIONAL,13,24,37,35.14,64.86
X053,PARAPROFESSIONAL,135,0,135,100,0
X054,PARAPROFESSIONAL,67,7,74,90.54,9.46
X055,PARAPROFESSIONAL,44,3,47,93.62,6.38
X056,PARAPROFESSIONAL,206,2,208,99.04,0.96
X057,PARAPROFESSIONAL,13,10,23,56.52,43.48
X058,MALE PARA,29,13,42,69.05,30.95
X059,PARAPROFESSIONAL,193,10,203,95.07,4.93
X061,PARAPROFESSIONAL,33,6,39,84.62,15.38
X062,PARAPROFESSIONAL,174,10,184,94.57,5.43
X063,PARAPROFESSIONAL,40,28,68,58.82,41.18
X065,PARAPROFESSIONAL,73,11,84,86.9,13.1
X066,PARAPROFESSIONAL,37,6,43,86.05,13.95
X068,PARAPROFESSIONAL,364,6,370,98.38,1.62
X069,PARAPROFESSIONAL,87,7,94,92.55,7.45
X070,PARAPROFESSIONAL,224,0,224,100,0
X071,PARAPROFESSIONAL,46,4,50,92,8
X072,PARAPROFESSIONAL,76,24,100,76,24
X075,PARAPROFESSIONAL,126,1,127,99.21,0.79
X076,PARAPROFESSIONAL,178,11,189,94.18,5.82
X077,PARAPROFESSIONAL,205,3,208,98.56,1.44
X078,PARAPROFESSIONAL,112,8,120,93.33,6.67
X078,FEMALE SPANISH SPEAKING PARA,16,5,21,76.19,23.81
X080,PARAPROFESSIONAL,43,0,43,100,0
X080,SPANISH SPEAKING PARA,20,1,21,95.24,4.76
X081,PARAPROFESSIONAL,68,20,88,77.27,22.73
X083,PARAPROFESSIONAL,203,1,204,99.51,0.49
X085,PARAPROFESSIONAL,275,23,298,92.28,7.72
X086,PARAPROFESSIONAL,281,5,286,98.25,1.75
X086,SPANISH SPEAKING PARA,21,0,21,100,0
X087,PARAPROFESSIONAL,115,9,124,92.74,7.26
X089,PARAPROFESSIONAL,210,0,210,100,0
X089,SPANISH SPEAKING PARA,63,0,63,100,0
X091,PARAPROFESSIONAL,248,3,251,98.8,1.2
X093,PARAPROFESSIONAL,73,19,92,79.35,20.65
X094,PARAPROFESSIONAL,177,23,200,88.5,11.5
X095,PARAPROFESSIONAL,179,27,206,86.89,13.11
X095,BENGALI SPEAKING PARA,2,6,8,25,75
X096,PARAPROFESSIONAL,175,21,196,89.29,10.71
X097,PARAPROFESSIONAL,263,7,270,97.41,2.59
X100,PARAPROFESSIONAL,150,9,159,94.34,5.66
X101,PARAPROFESSIONAL,63,0,63,100,0
X103,PARAPROFESSIONAL,351,44,395,88.86,11.14
X105,PARAPROFESSIONAL,52,2,54,96.3,3.7
X106,PARAPROFESSIONAL,19,14,33,57.58,42.42
X107,PARAPROFESSIONAL,153,7,160,95.62,4.38
X108,PARAPROFESSIONAL,247,0,247,100,0
X109,PARAPROFESSIONAL,268,2,270,99.26,0.74
X109,SPANISH SPEAKING PARA,9,12,21,42.86,57.14
X110,PARAPROFESSIONAL,21,0,21,100,0
X111,PARAPROFESSIONAL,131,5,136,96.32,3.68
X112,PARAPROFESSIONAL,46,16,62,74.19,25.81
X114,PARAPROFESSIONAL,260,5,265,98.11,1.89
X114,SPANISH SPEAKING PARA,23,8,31,74.19,25.81
X114,BENGALI SPEAKING PARA,5,14,19,26.32,73.68
X114,ARABIC SPEAKING PARA,12,0,12,100,0
X117,PARAPROFESSIONAL,63,8,71,88.73,11.27
X118,PARAPROFESSIONAL,30,10,40,75,25
X119,PARAPROFESSIONAL,211,4,215,98.14,1.86
X121,PARAPROFESSIONAL,130,2,132,98.48,1.52
X123,PARAPROFESSIONAL,21,2,23,91.3,8.7
X126,PARAPROFESSIONAL,26,23,49,53.06,46.94
X126,MALE PARA,5,0,5,100,0
X128,PARAPROFESSIONAL,46,5,51,90.2,9.8
X129,SPANISH SPEAKING PARA,23,10,33,69.7,30.3
X129,PARAPROFESSIONAL,1,9,10,10,90
X130,PARAPROFESSIONAL,40,5,45,88.89,11.11
X131,PARAPROFESSIONAL,65,9,74,87.84,12.16
X132,PARAPROFESSIONAL,126,2,128,98.44,1.56
X134,PARAPROFESSIONAL,106,23,129,82.17,17.83
X138,PARAPROFESSIONAL,3,3,6,50,50
X140,PARAPROFESSIONAL,187,2,189,98.94,1.06
X141,PARAPROFESSIONAL,93,8,101,92.08,7.92
X144,PARAPROFESSIONAL,21,0,21,100,0
X146,PARAPROFESSIONAL,63,0,63,100,0
X146,FEMALE PARA,20,1,21,95.24,4.76
X150,PARAPROFESSIONAL,67,0,67,100,0
X152,PARAPROFESSIONAL,26,10,36,72.22,27.78
X153,PARAPROFESSIONAL,155,0,155,100,0
X154,PARAPROFESSIONAL,60,17,77,77.92,22.08
X157,PARAPROFESSIONAL,63,4,67,94.03,5.97
X160,PARAPROFESSIONAL,50,12,62,80.65,19.35
X161,PARAPROFESSIONAL,154,12,166,92.77,7.23
X163,PARAPROFESSIONAL,90,8,98,91.84,8.16
X163,SPANISH SPEAKING PARA,20,0,20,100,0
X168,PARAPROFESSIONAL,977,139,1116,87.54,12.46
X175,PARAPROFESSIONAL,105,0,105,100,0
X176,PARAPROFESSIONAL,1307,180,1487,87.9,12.1
X178,PARAPROFESSIONAL,148,15,163,90.8,9.2
X179,PARAPROFESSIONAL,113,2,115,98.26,1.74
X180,PARAPROFESSIONAL,147,0,147,100,0
X181,PARAPROFESSIONAL,66,6,72,91.67,8.33
X182,PARAPROFESSIONAL,206,6,212,97.17,2.83
X186,PARAPROFESSIONAL,2384,523,2907,82.01,17.99
X186,MALE PARA,29,3,32,90.62,9.38
X188,PARAPROFESSIONAL,580,83,663,87.48,12.52
X188,BENGALI SPEAKING PARA,21,0,21,100,0
X189,PARAPROFESSIONAL,110,3,113,97.35,2.65
X190,PARAPROFESSIONAL,0,5,5,0,100
X194,PARAPROFESSIONAL,164,0,164,100,0
X194,ARABIC SPEAKING PARA,7,19,26,26.92,73.08
X195,PARAPROFESSIONAL,147,4,151,97.35,2.65
X196,SPANISH SPEAKING PARA,21,0,21,100,0
X196,PARAPROFESSIONAL,10,6,16,62.5,37.5
X199,PARAPROFESSIONAL,73,14,87,83.91,16.09
X204,PARAPROFESSIONAL,113,7,120,94.17,5.83
X205,PARAPROFESSIONAL,393,7,400,98.25,1.75
X205,FEMALE SPANISH SPEAKING PARA,42,0,42,100,0
X205,MALE PARA,21,0,21,100,0
X206,PARAPROFESSIONAL,57,5,62,91.94,8.06
X206,SPANISH SPEAKING PARA,0,1,1,0,100
X207,PARAPROFESSIONAL,43,9,52,82.69,17.31
X211,PARAPROFESSIONAL,43,27,70,61.43,38.57
X211,SPANISH SPEAKING PARA,0,21,21,0,100
X213,MALE PARA,21,0,21,100,0
X213,PARAPROFESSIONAL,21,0,21,100,0
X214,PARAPROFESSIONAL,58,5,63,92.06,7.94
X215,PARAPROFESSIONAL,63,21,84,75,25
X217,PARAPROFESSIONAL,63,0,63,100,0
X218,PARAPROFESSIONAL,152,18,170,89.41,10.59
X219,SPANISH SPEAKING PARA,42,0,42,100,0
X221,PARAPROFESSIONAL,63,0,63,100,0
X223,PARAPROFESSIONAL,73,0,73,100,0
X224,PARAPROFESSIONAL,105,0,105,100,0
X226,PARAPROFESSIONAL,165,17,182,90.66,9.34
X226,SPANISH SPEAKING PARA,7,4,11,63.64,36.36
X226,MALE PARA,2,8,10,20,80
X227,PARAPROFESSIONAL,24,8,32,75,25
X227,SPANISH SPEAKING PARA,21,0,21,100,0
X228,PARAPROFESSIONAL,4,2,6,66.67,33.33
X229,PARAPROFESSIONAL,21,0,21,100,0
X231,PARAPROFESSIONAL,60,3,63,95.24,4.76
X232,PARAPROFESSIONAL,21,0,21,100,0
X236,PARAPROFESSIONAL,13,10,23,56.52,43.48
X237,PARAPROFESSIONAL,21,0,21,100,0
X237,ARABIC SPEAKING PARA,0,10,10,0,100
X241,PARAPROFESSIONAL,105,0,105,100,0
X243,PARAPROFESSIONAL,63,4,67,94.03,5.97
X243,SPANISH SPEAKING PARA,42,0,42,100,0
X244,PARAPROFESSIONAL,21,3,24,87.5,12.5
X246,PARAPROFESSIONAL,123,0,123,100,0
X246,FEMALE PARA,21,0,21,100,0
X246,MALE PARA,18,2,20,90,10
X248,PARAPROFESSIONAL,169,68,237,71.31,28.69
X248,ARABIC SPEAKING PARA,12,9,21,57.14,42.86
X250,PARAPROFESSIONAL,4,5,9,44.44,55.56
X251,PARAPROFESSIONAL,77,5,82,93.9,6.1
X254,PARAPROFESSIONAL,126,12,138,91.3,8.7
X259,PARAPROFESSIONAL,21,0,21,100,0
X263,PARAPROFESSIONAL,42,0,42,100,0
X264,PARAPROFESSIONAL,84,0,84,100,0
X265,PARAPROFESSIONAL,42,0,42,100,0
X267,PARAPROFESSIONAL,18,2,20,90,10
X269,PARAPROFESSIONAL,0,3,3,0,100
X270,PARAPROFESSIONAL,48,17,65,73.85,26.15
X270,MALE PARA,0,7,7,0,100
X271,PARAPROFESSIONAL,131,19,150,87.33,12.67
X271,FEMALE PARA,48,3,51,94.12,5.88
X271,FEMALE SPANISH SPEAKING PARA,21,10,31,67.74,32.26
X271,SPANISH SPEAKING PARA,21,0,21,100,0
X273,PARAPROFESSIONAL,63,0,63,100,0
X274,PARAPROFESSIONAL,3,2,5,60,40
X275,SPANISH SPEAKING PARA,67,16,83,80.72,19.28
X275,PARAPROFESSIONAL,28,3,31,90.32,9.68
X275,FRENCH SPEAKING PARA,0,21,21,0,100
X277,PARAPROFESSIONAL,211,5,216,97.69,2.31
X277,MALE PARA,0,2,2,0,100
X279,PARAPROFESSIONAL,168,0,168,100,0
X280,PARAPROFESSIONAL,215,0,215,100,0
X284,MALE SPANISH SPEAKING PARA,21,0,21,100,0
X286,PARAPROFESSIONAL,2,38,40,5,95
X287,PARAPROFESSIONAL,2,2,4,50,50
X290,FEMALE PARA,21,0,21,100,0
X290,FEMALE SPANISH SPEAKING PARA,21,0,21,100,0
X290,SPANISH SPEAKING PARA,14,1,15,93.33,6.67
X291,PARAPROFESSIONAL,126,0,126,100,0
X294,PARAPROFESSIONAL,94,5,99,94.95,5.05
X296,PARAPROFESSIONAL,21,1,22,95.45,4.55
X297,FEMALE PARA,21,0,21,100,0
X298,FRENCH SPEAKING PARA,1,1,2,50,50
X300,PARAPROFESSIONAL,73,35,108,67.59,32.41
X300,MALE PARA,21,0,21,100,0
X301,PARAPROFESSIONAL,92,13,105,87.62,12.38
X302,PARAPROFESSIONAL,98,31,129,75.97,24.03
X303,PARAPROFESSIONAL,51,3,54,94.44,5.56
X306,PARAPROFESSIONAL,107,5,112,95.54,4.46
X306,FRENCH SPEAKING PARA,21,0,21,100,0
X308,SPANISH SPEAKING PARA,3,6,9,33.33,66.67
X308,PARAPROFESSIONAL,0,1,1,0,100
X310,PARAPROFESSIONAL,162,1,163,99.39,0.61
X311,PARAPROFESSIONAL,105,0,105,100,0
X314,PARAPROFESSIONAL,167,9,176,94.89,5.11
X316,PARAPROFESSIONAL,5,0,5,100,0
X327,PARAPROFESSIONAL,81,0,81,100,0
X328,PARAPROFESSIONAL,21,0,21,100,0
X329,MALE PARA,9,12,21,42.86,57.14
X329,PARAPROFESSIONAL,21,0,21,100,0
X329,SPANISH SPEAKING PARA,0,21,21,0,100
X331,PARAPROFESSIONAL,27,1,28,96.43,3.57
X333,PARAPROFESSIONAL,63,5,68,92.65,7.35
X333,SPANISH SPEAKING PARA,40,0,40,100,0
X333,MALE PARA,0,5,5,0,100
X334,SPANISH SPEAKING PARA,141,53,194,72.68,27.32
X334,PARAPROFESSIONAL,21,1,22,95.45,4.55
X334,FRENCH SPEAKING PARA,21,0,21,100,0
X337,PARAPROFESSIONAL,42,2,44,95.45,4.55
X339,PARAPROFESSIONAL,42,0,42,100,0
X340,PARAPROFESSIONAL,135,6,141,95.74,4.26
X341,PARAPROFESSIONAL,9,29,38,23.68,76.32
X342,PARAPROFESSIONAL,31,0,31,100,0
X343,PARAPROFESSIONAL,42,2,44,95.45,4.55
X352,PARAPROFESSIONAL,1131,104,1235,91.58,8.42
X355,PARAPROFESSIONAL,42,0,42,100,0
X357,PARAPROFESSIONAL,85,4,89,95.51,4.49
X359,PARAPROFESSIONAL,41,0,41,100,0
X359,FEMALE PARA,21,0,21,100,0
X360,PARAPROFESSIONAL,84,5,89,94.38,5.62
X361,PARAPROFESSIONAL,84,0,84,100,0
X363,PARAPROFESSIONAL,195,0,195,100,0
X363,MALE PARA,4,0,4,100,0
X365,MALE SPANISH SPEAKING PARA,21,0,21,100,0
X365,PARAPROFESSIONAL,0,3,3,0,100
X367,PARAPROFESSIONAL,21,1,22,95.45,4.55
X368,PARAPROFESSIONAL,42,0,42,100,0
X369,SPANISH SPEAKING PARA,63,0,63,100,0
X369,PARAPROFESSIONAL,53,0,53,100,0
X369,FEMALE SPANISH SPEAKING PARA,21,0,21,100,0
X370,PARAPROFESSIONAL,33,0,33,100,0
X371,PARAPROFESSIONAL,42,0,42,100,0
X375,PARAPROFESSIONAL,70,3,73,95.89,4.11
X376,PARAPROFESSIONAL,42,0,42,100,0
X379,PARAPROFESSIONAL,18,3,21,85.71,14.29
X386,PARAPROFESSIONAL,105,1,106,99.06,0.94
X390,FEMALE SPANISH SPEAKING PARA,21,0,21,100,0
X390,PARAPROFESSIONAL,0,1,1,0,100
X391,PARAPROFESSIONAL,38,0,38,100,0
X392,PARAPROFESSIONAL,84,0,84,100,0
X396,PARAPROFESSIONAL,94,11,105,89.52,10.48
X403,PARAPROFESSIONAL,32,0,32,100,0
X412,SPANISH SPEAKING PARA,21,0,21,100,0
X413,PARAPROFESSIONAL,33,0,33,100,0
X418,FEMALE PARA,12,3,15,80,20
X418,PARAPROFESSIONAL,0,2,2,0,100
X438,PARAPROFESSIONAL,21,0,21,100,0
X440,PARAPROFESSIONAL,42,0,42,100,0
X442,PARAPROFESSIONAL,47,0,47,100,0
X443,PARAPROFESSIONAL,84,0,84,100,0
X443,SPANISH SPEAKING PARA,22,20,42,52.38,47.62
X443,MALE PARA,3,18,21,14.29,85.71
X446,PARAPROFESSIONAL,19,0,19,100,0
X447,PARAPROFESSIONAL,93,11,104,89.42,10.58
X448,PARAPROFESSIONAL,105,8,113,92.92,7.08
X449,PARAPROFESSIONAL,84,2,86,97.67,2.33
X452,SPANISH SPEAKING PARA,21,0,21,100,0
X454,PARAPROFESSIONAL,25,8,33,75.76,24.24
X454,SPANISH SPEAKING PARA,21,0,21,100,0
X455,PARAPROFESSIONAL,245,3,248,98.79,1.21
X457,PARAPROFESSIONAL,62,8,70,88.57,11.43
X457,ARABIC SPEAKING PARA,0,10,10,0,100
X458,PARAPROFESSIONAL,18,2,20,90,10
X467,PARAPROFESSIONAL,40,2,42,95.24,4.76
X469,PARAPROFESSIONAL,1815,98,1913,94.88,5.12
X473,PARAPROFESSIONAL,65,2,67,97.01,2.99
X477,PARAPROFESSIONAL,21,0,21,100,0
X479,PARAPROFESSIONAL,73,11,84,86.9,13.1
X483,PARAPROFESSIONAL,40,4,44,90.91,9.09
X498,PARAPROFESSIONAL,30,4,34,88.24,11.76
X500,PARAPROFESSIONAL,63,0,63,100,0
X505,PARAPROFESSIONAL,105,0,105,100,0
X508,FEMALE PARA,42,0,42,100,0
X508,MALE PARA,42,0,42,100,0
X511,PARAPROFESSIONAL,34,0,34,100,0
X514,PARAPROFESSIONAL,21,1,22,95.45,4.55
X517,PARAPROFESSIONAL,21,0,21,100,0
X517,SPANISH SPEAKING PARA,0,8,8,0,100
X521,MALE PARA,38,4,42,90.48,9.52
X521,FEMALE SPANISH SPEAKING PARA,21,0,21,100,0
X521,PARAPROFESSIONAL,0,1,1,0,100
X524,PARAPROFESSIONAL,63,0,63,100,0
X525,FEMALE PARA,18,2,20,90,10
X525,MALE PARA,14,3,17,82.35,17.65
X525,PARAPROFESSIONAL,1,0,1,100,0
X529,PARAPROFESSIONAL,46,0,46,100,0
X530,PARAPROFESSIONAL,84,0,84,100,0
X531,PARAPROFESSIONAL,42,9,51,82.35,17.65
X532,PARAPROFESSIONAL,42,0,42,100,0
X536,PARAPROFESSIONAL,22,0,22,100,0
X543,PARAPROFESSIONAL,37,5,42,88.1,11.9
X544,PARAPROFESSIONAL,61,2,63,96.83,3.17
X545,PARAPROFESSIONAL,4,2,6,66.67,33.33
X546,PARAPROFESSIONAL,11,21,32,34.38,65.62
X546,MALE PARA,0,1,1,0,100
X548,PARAPROFESSIONAL,42,1,43,97.67,2.33
X549,FEMALE SPANISH SPEAKING PARA,21,0,21,100,0
X550,PARAPROFESSIONAL,8,0,8,100,0
X551,PARAPROFESSIONAL,63,0,63,100,0
X555,PARAPROFESSIONAL,141,3,144,97.92,2.08
X556,PARAPROFESSIONAL,63,0,63,100,0
X556,MALE PARA,21,0,21,100,0
X557,FEMALE SPANISH SPEAKING PARA,21,0,21,100,0
X562,PARAPROFESSIONAL,6,11,17,35.29,64.71
X565,PARAPROFESSIONAL,0,27,27,0,100
X565,SPANISH SPEAKING PARA,21,0,21,100,0
X566,PARAPROFESSIONAL,39,0,39,100,0
X567,PARAPROFESSIONAL,60,4,64,93.75,6.25
X568,SPANISH SPEAKING PARA,4,7,11,36.36,63.64
X583,PARAPROFESSIONAL,64,5,69,92.75,7.25
X584,PARAPROFESSIONAL,21,0,21,100,0
X593,PARAPROFESSIONAL,42,5,47,89.36,10.64
X595,PARAPROFESSIONAL,40,9,49,81.63,18.37
X596,PARAPROFESSIONAL,817,106,923,88.52,11.48
X600,PARAPROFESSIONAL,0,3,3,0,100
X625,PARAPROFESSIONAL,60,3,63,95.24,4.76
X642,PARAPROFESSIONAL,116,31,147,78.91,21.09
X643,PARAPROFESSIONAL,435,26,461,94.36,5.64
X684,PARAPROFESSIONAL,84,0,84,100,0
X684,ARABIC SPEAKING PARA,0,21,21,0,100
X691,PARAPROFESSIONAL,73,2,75,97.33,2.67
X721,PARAPROFESSIONAL,991,138,1129,87.78,12.22
X721,MALE PARA,23,0,23,100,0
X721,CREE SPEAKING PARA,0,10,10,0,100
X723,PARAPROFESSIONAL,955,199,1154,82.76,17.24
X754,PARAPROFESSIONAL,503,51,554,90.79,9.21
X811,PARAPROFESSIONAL,505,124,629,80.29,19.71
XP07,PARAPROFESSIONAL,30,10,40,75,25
XP09,PARAPROFESSIONAL,366,7,373,98.12,1.88
XP10,PARAPROFESSIONAL,545,54,599,90.98,9.02
XP12,PARAPROFESSIONAL,161,13,174,92.53,7.47
